,index,image_link,group_id,entity_name,OCR Text,prediction
21,21,https://m.media-amazon.com/images/I/21CxlWbim3L.jpg,751532,width,,38 inches
400,400,https://m.media-amazon.com/images/I/31E2Za-l0aL.jpg,667819,width,9,"The width of the object, which is a ruler, can be determined by looking at the scale provided. The ruler appears to span from approximately 15 centimeters to just past 16 centimeters on the right side where it's partially out of view. Since the exact end point isn't visible, we'll take the measurement as close to 16 centimeters as possible without speculation."
1162,1163,https://m.media-amazon.com/images/I/31o2ymMWD7L.jpg,375438,width,76cm,The width of the object in the image is 76 centimeters.
1660,1661,https://m.media-amazon.com/images/I/41+uKkKxF+L.jpg,362818,width,"12,5CM 15CM Qwetch Qwetch 340ML 600ML 260g 440g",The width of the object in the image is 15 cm.
1830,1833,https://m.media-amazon.com/images/I/41-VnfH5nJL.jpg,932012,width,1,25 1/2 inches
2303,2307,https://m.media-amazon.com/images/I/411FUpSWxjL.jpg,916768,width,90308 14TAL BOX&RD BRD L23089 Made In Engiand Boxed:0001,14 inches
2975,2980,https://m.media-amazon.com/images/I/413ng0lEOAL.jpg,478357,width,12.Inch 12.Inch,"The width of the object in the image is indicated as 12 inches. This measurement refers to the diameter of the tabletop, which appears to be a circular shape with an even distribution around its circumference."
3212,3218,https://m.media-amazon.com/images/I/414qhF0VnkL.jpg,675317,width,4.5CM 9CM 9CM,"The width of the object, as indicated in the image, is 4.5 cm."
4515,4524,https://m.media-amazon.com/images/I/419umhsS+tL.jpg,425150,width,H =97 CMI ACL ASSORTED COLLECTIONS LTD.,"The width of the object, as indicated in the image, is not explicitly provided. The measurement given is for height (H), which is 97 cm. To determine the width, one would typically need to measure across the base or a section of the handle, but such measurements are not visible in this image. Therefore, based on the information available, I cannot accurately provide the width of the object."
5371,5381,https://m.media-amazon.com/images/I/41CsABMWLOL.jpg,276611,width,26.8ln 15.7ln 44.1ln,The width of the object in the image is 44.1 inches.
5825,5835,https://m.media-amazon.com/images/I/41EPT1e-+qL.jpg,453674,width,18.5CM 4L 20CM,The width of the object in the image is 20 centimeters.
6459,6469,https://m.media-amazon.com/images/I/41GeqKvv23L.jpg,949192,width,9.8 IN,The width of the object in the image is 9.8 inches.
6927,6937,https://m.media-amazon.com/images/I/41IPPnBLk5S.jpg,347404,width,105cm weight: 112g,"The width of the object in the image is not directly measurable from the provided information. The dimensions given are for the height and weight, which do not include the width measurement. To determine the width, one would need additional perspective or a side view that includes the full span of the macramÃ© plant hanger."
7342,7352,https://m.media-amazon.com/images/I/41Jjp1ApmAL.jpg,442321,width,Amax 18 min 4.3 21.7 32.3,32.3 inches
7591,7601,https://m.media-amazon.com/images/I/41Kkhpnh+OL.jpg,764417,width,CuraActive PORTATA 120KG ALTEZZA 10CM FACILE PULIZIA,"The width of the object in the image is not directly measurable from the provided information. The dimensions given are for height and weight capacity, which do not specify the width. To determine the width, one would typically need a reference scale or additional measurements that are not available in this single image."
7765,7775,https://m.media-amazon.com/images/I/41LFZLoydRL.jpg,792578,width,,140 cm
8262,8272,https://m.media-amazon.com/images/I/41Mt-SM0iGL.jpg,944936,width,SMOOTH MATTE FINISH - THICK 66 1/4 100lb. PAPER 6 A6 V 45/8 HIGH QUALITY CARDSTOCK,"4 5/8"""
8438,8448,https://m.media-amazon.com/images/I/41NYL0dFaYL.jpg,145452,width,"22CM 18,5 CM Qwetch Qwetch 320ML 430ML 450g 560g","The width of the object in the image is not directly provided with units. However, if we assume that the height measurements given are for the full capacity of each container and considering the standard dimensions for such containers, we can infer that the width might be approximately 1/4 to 1/3 of the height, which would typically range from around 4.5 cm to 7.2 cm. Without specific measurements or a reference scale, an exact value cannot be determined solely from this image."
8875,8886,https://m.media-amazon.com/images/I/41P9rZcIO1L.jpg,653767,width,SIZE S1ZE:45*45CM 45CM 45CM *Please allow 1~2cm deviation because of hand-cutting and sewing.,45cm
9079,9090,https://m.media-amazon.com/images/I/41PyrsS6aHL.jpg,731252,width,OFXDP Made in Ukraine 4.92 INCHES 2.95 INCHES,4.92 inches
9667,9678,https://m.media-amazon.com/images/I/41S+NtGA8mL.jpg,801829,width,36.2 35.8 32.3,"35.8"""
9858,9869,https://m.media-amazon.com/images/I/41SdsiLLjsS.jpg,970563,width,3/8 High : 12,"3/8"""
10962,10974,https://m.media-amazon.com/images/I/41Wl8ijsIXL.jpg,667819,width,16.5CM 6 7CM,7CM
11501,11513,https://m.media-amazon.com/images/I/41YcGFUh2LL.jpg,995842,width,,"The width of the object, which is a caliper in this case, can be read from the scale on its jaws. The scale markings indicate that the width is approximately 10 millimeters."
11844,11856,https://m.media-amazon.com/images/I/41ZsXkHEA0L.jpg,452717,width,height: 8.27* length: 15.75,8.27 inches
12082,12094,https://m.media-amazon.com/images/I/41ajI0BQmKL.jpg,658892,width,20.5CM 7CM,7cm
12198,12210,https://m.media-amazon.com/images/I/41b4Vn-oxrL.jpg,208023,width,DIMENSIONS A PICTURE PEREECT FITFOR YOUR 4X6 PHOTOS,4 inches
12582,12594,https://m.media-amazon.com/images/I/41cVjq9a3qL.jpg,640408,width,17 CM 14 CM,14 cm
12965,12977,https://m.media-amazon.com/images/I/41dvJhlfUmS.jpg,776058,width,21-Feb,2 1/2 inches
13166,13178,https://m.media-amazon.com/images/I/41ecPXTfpfL.jpg,893692,width,amazon basics Protective extra-thick ABS hard shell with scratch resistant finish Telescoping handle and 4 double spinner wheels ensure smooth-rolling mobility Expandable to include up to 15% more packing space when needed Orange 21-inch,21 inches
13222,13234,https://m.media-amazon.com/images/I/41etXDVYYoL.jpg,460806,width,ISIN TRUE CIKOR HD Polarizer 100x100rnrn,100mm
13302,13314,https://m.media-amazon.com/images/I/41fDP-osjDL.jpg,988675,width,11,2.1 cm
13334,13346,https://m.media-amazon.com/images/I/41fL2DNIzBL.jpg,965725,width,8 CM 7 CM,"The width of the object in the image, as indicated by the yellow measurement line, is 7 cm."
13365,13377,https://m.media-amazon.com/images/I/41fSfX9HkpL.jpg,276611,width,201/2 in Minimum Cabinet Opening,20 1/2 inches
13493,13505,https://m.media-amazon.com/images/I/41ftfG7eCJL.jpg,113134,width,PRODUCTINFORMATION 5.5CM 11.5CM 7.5CM,5.5CM
13521,13533,https://m.media-amazon.com/images/I/41g+czTZdPL.jpg,866516,width,26 CM 17 CM,17 CM
14138,14150,https://m.media-amazon.com/images/I/41iPTKDTtWL.jpg,679049,width,"CSIZE MEDIUM ARM 9.13""","The width of the object in the image is 9.13 inches, as indicated by the measurement provided alongside the object. This dimension refers to the horizontal span across the base and the arm of the clamp-like device."
14662,14674,https://m.media-amazon.com/images/I/41kKtHhvSBL.jpg,658003,width,High And Diameter. 35.45H/15.76D 29.55H/14.18D 23.64H/13D,"The width of the object in the image is 15.76 inches, as indicated by the measurement provided for the tallest cylinder."
14669,14681,https://m.media-amazon.com/images/I/41kMWkWEVHL.jpg,569206,width,"10.3"" 48.56 11 10.3","10.3"""
14733,14745,https://m.media-amazon.com/images/I/41keKUBKx5L.jpg,789706,width,8.5MM x12PCS,8.5MM
14736,14748,https://m.media-amazon.com/images/I/41kfKYoOsKL.jpg,178778,width,4.5 in 11.cm mofusand,4.5 in
14914,14926,https://m.media-amazon.com/images/I/41lKQy3QsCL.jpg,571756,width,"Rheem 20.75"" 9.4' 13.5'","13.5"""
15643,15658,https://m.media-amazon.com/images/I/41o30ZPcxSL.jpg,460806,width,Nisi S+,49 mm
15949,15965,https://m.media-amazon.com/images/I/41pCTQeWDDL.jpg,365756,width,"9.5"" CORKCICLE 4.5""",The width of the object in the image is 4.5 inches.
15950,15966,https://m.media-amazon.com/images/I/41pCTQeWDDL.jpg,365756,width,"9.5"" CORKCICLE 4.5""",The width of the object in the image is 4.5 inches.
18841,18864,https://m.media-amazon.com/images/I/51+0lZnSSyL.jpg,173193,width,4CM/1.6IN CBB60 21.5CM/8.5IN 20uF15%50/60Hz 8CM/3.1IN 450VAC 3000h 25/70/21So CE CQC,"The width of the object, as indicated in the image, is 8 cm or 3.1 inches."
18893,18916,https://m.media-amazon.com/images/I/51+4mL15lQL.jpg,483370,width,Product Size 11.8in,The width of the object in the image is 11.8 inches.
18919,18942,https://m.media-amazon.com/images/I/51+6dIsehjL.jpg,478357,width,4 18',"The width of the object, which is the diameter of the table's top surface, is indicated as 14 inches."
18995,19018,https://m.media-amazon.com/images/I/51+C7R+miPL.jpg,119607,width,Led lamp beads shiny H:8.9 Battery:2xAA batteries D:1.8 W:7.91 Can be hung on the wall,7.9 inches
19079,19102,https://m.media-amazon.com/images/I/51+H4c71ozL.jpg,237000,width,"MEASURINGGOIDE Sofa Shield 48""CHAIR Recommended For Seat Widths Up To 48' Seat Width48"" Not Including Arms Back Fold Over Back OfFurniture Strap Hook Strap Hook 40"" 22 22"" 22"" Front 14"" 2""Wide Back Strap Can Be Adjusted Up To 58""In Length",48 inches
19134,19157,https://m.media-amazon.com/images/I/51+LczK1lnL.jpg,119607,width,123 SESAME STREET 6' R 9',The width of the object in the image is 9 inches.
19149,19172,https://m.media-amazon.com/images/I/51+MXOm0RYL.jpg,278850,width,te* EJ+3:27x27mm 02 3 TODOLIST 38.9.25,27mm
20014,20039,https://m.media-amazon.com/images/I/51-I0YMBD9L.jpg,558806,width,4' 7.25,The width of the object in the image is 4 inches.
20269,20296,https://m.media-amazon.com/images/I/51-Ztql8zDL.jpg,668667,width,"SIZE: 158""x110""(width x height 2 34567 110"" 1 22.57"" 158""","158"""
20695,20722,https://m.media-amazon.com/images/I/5100Pls0z5L.jpg,816782,width,O,The width of the object in the image is 75 cm.
20806,20833,https://m.media-amazon.com/images/I/5109BJAPZwL.jpg,208023,width,6.25 in I 8.25 in fits 4x6 photo,8.25 inches
21070,21097,https://m.media-amazon.com/images/I/510Q4Ozh9gL.jpg,737148,width,MAXWATER Anion Resin Filter Cartidge for products and 20-inch BB Filter Housin AUTIONFo,20 inches
21135,21162,https://m.media-amazon.com/images/I/510UVQ8Q9aS.jpg,220662,width,80mmltyJ C12R:330,80mm
21159,21186,https://m.media-amazon.com/images/I/510WboYCD7L.jpg,483370,width,21.63 in,21.63 inches
21405,21432,https://m.media-amazon.com/images/I/510mCBpnCUS.jpg,652519,width,y--F 3^y5 6'8(203.2cm) 21' (53.34cm) (6.51cm 40L,"The width of the object in the image is 21 inches, which corresponds to 53.34 centimeters as indicated by the measurement provided on the right side of the image."
21783,21813,https://m.media-amazon.com/images/I/5119BvcCyOL.jpg,126471,width,Size Queen 61x15x104 Material Moving Boxes & Moving Supplies Direct from the Factory! UBOXES Mattress Cover QUEEN MATTRESS BAG Closure Type Pull On Protect from dirt dust water and moving damage Easy to slide over furniture Ideal for use during movin g.storage or renovation Made with heavy g Fabric Type Vinyl,15'
21911,21941,https://m.media-amazon.com/images/I/511J9P+PV1S.jpg,460806,width,,52mm
21953,21983,https://m.media-amazon.com/images/I/511Ly+r0bkL.jpg,810266,width,"GLASS JUICE BOTTLES ISET OF 8 2.75"" 6.69"" 160z","2.75"""
22754,22784,https://m.media-amazon.com/images/I/512F3Pt31sL.jpg,752266,width,2.5' energy? 140 Lumens ENERGYSTAR PLUG-IN 3300K RECESSED Wire Screw SURFACE Linkable Installation COLOR MOUNT MOUNT Included 5'power cord,2.5 inches
22948,22978,https://m.media-amazon.com/images/I/512S5QWRVbL.jpg,558806,width,4' 6,"4"""
23097,23127,https://m.media-amazon.com/images/I/512ceuKuu5L.jpg,347320,width,"KCS Stitch a happy life  STITCH ADACLOTH www.kcscraft.com Aida Cloth 100%Cotton 3 pc,18CT,Black 15x 18for each",15 inches
23435,23465,https://m.media-amazon.com/images/I/513+Cq5ZTUL.jpg,816782,width,Rug Form Type Area Rug Size 4'x6' Material Polyester,4'
23522,23552,https://m.media-amazon.com/images/I/5133YCrdFEL.jpg,823083,width,4.7 in 16 in,4.7 inches
23881,23911,https://m.media-amazon.com/images/I/513UdkTufML.jpg,550595,width,cm 4,14 cm
24417,24447,https://m.media-amazon.com/images/I/5142E+ED0+L.jpg,730429,width,,"The width of the object, as indicated in the image, is 18 inches."
25216,25250,https://m.media-amazon.com/images/I/514zZckYDVL.jpg,978900,width,PYREX COOKING EXPERT SINCE 1915 Bake & Enjoy 1.1L25x25cm34 Tres haute resistance a la chaleu esista EXTREME 40'0 VEROSIGLASE +300'0 10,25 cm
25488,25522,https://m.media-amazon.com/images/I/515GKFkk4TL.jpg,208023,width,Grandpa 6.25 in - I - 8.25 in fits 4x6 photo,8.25 inches
25571,25605,https://m.media-amazon.com/images/I/515LK0yYEaL.jpg,970563,width,350 mm 30mm. 30.mm,30 mm
25631,25665,https://m.media-amazon.com/images/I/515P6p8yqsL.jpg,931856,width,3pcs/16',"16"""
25668,25702,https://m.media-amazon.com/images/I/515S6+0lFAL.jpg,277199,width,"3 WARNING Keep this bag away from babies and children. Do not use in cribs, bed, carriages or playpens. The thin film may cling to nose and mouth and prevent breathing. AVISO Para evitar el pelgro de asfixia mantener siempre fuera de el alcance de ninos y de bebes No usar en cunas, camas, carriolas y corrales para bebes. El plastico delgado puede pegarse a la narlz y boca y detener la respiracion ATTENTION Garder ce sac hors de portee des bebes et enfants Ne pas utiliser dans les berceaux, lits,poussettes ou parcs a bebe Le film protecteur,etant fin,pourrait par inadvertance provoquer I'etouffement en bloquant les narines ou/et la bouche 10""","10"""
26043,26077,https://m.media-amazon.com/images/I/515qg5cp35L.jpg,846116,width,SAN HIMA AMMCABLE 720MM UHFFIBERGLASS ANTENNA(SDBi Gain),720mm
26127,26161,https://m.media-amazon.com/images/I/515wPjPim3L.jpg,483370,width,7.5CM E3,The width of the object in the image is 7.5 centimeters (cm).
26430,26464,https://m.media-amazon.com/images/I/516FR8J8+TL.jpg,267182,width,19.5CM 14.2CM 21CM,21CM
26453,26487,https://m.media-amazon.com/images/I/516HOK5Ex9L.jpg,648011,width,"150Watts 3.2 in T12 Clear Bulb Finish G17Q 3-4 Pin Base, Center Post technical precision BRINGING ENERGYTOLIFE",3.2 in
26589,26623,https://m.media-amazon.com/images/I/516RpqjWxIL.jpg,752266,width,76.75 10.25',"10.25"""
26738,26772,https://m.media-amazon.com/images/I/516dVAOGLJL.jpg,180410,width,Size Information 20CM 3CM 10.5CM,The width of the object in the image is 10.5 centimeters.
26748,26782,https://m.media-amazon.com/images/I/516eEyAg6wL.jpg,276611,width,"13,0 54,0 -160- Armario-espelheira 2 portas com espelhos 51,4 39,6 36,8 Nicho superior * 60,0 8 +13,6- Cuba de apoio Nicho inferior * 8 30,8 42,8 Gabinete 2portas 11.2 14,4- 8 21 50,7 45,0 54,0 160-","54,0"
27432,27466,https://m.media-amazon.com/images/I/517O9ZrRLOL.jpg,142748,width,Size 1.6 meters Colour Pink Stripe Pattern Striped,1.6 meters
27532,27566,https://m.media-amazon.com/images/I/517W8q1G+5L.jpg,970563,width,3.8CM 20CM 2.2CM,The width of the object in the image is 20 centimeters.
27705,27740,https://m.media-amazon.com/images/I/517hZdJItML.jpg,846116,width,36.5CM 20CM,The width of the object in the image is 20 centimeters.
27942,27977,https://m.media-amazon.com/images/I/517wtjEaJHS.jpg,261553,width,14 in,14 inches
28083,28118,https://m.media-amazon.com/images/I/5183vRItTgL.jpg,175315,width,Size Lounger-7' Color Grey Material Memory Foam Fill Material Memory Foam,7'
28645,28680,https://m.media-amazon.com/images/I/518frn+ANLL.jpg,460806,width,Rollei,86 mm
28842,28877,https://m.media-amazon.com/images/I/518tbecOyEL.jpg,478357,width,"Mobile Rectangle Bench Tables SEAT TABLE MODEL HEIGHT STOOLS HEIGHT TOP SIZE MTS17291012 17"" 12 29"" 30x120 000666 999 MTS17291212 17"" 12 29"" 30x144 666 00006666 MTS15271216 15"" 16 27"" 30x144"" 00006666 Q9 5 MTS193188W 19"" 8 31"" 30x102 000666 MTS19311012W 19"" 12 31"" 30x126 000666 Q99 5 MTS19311212W 19"" 12 31"" 30x148 5 2 wheelchair spaces",120 inches
28876,28911,https://m.media-amazon.com/images/I/518vyHPyeUL.jpg,460806,width,,77mm
29353,29388,https://m.media-amazon.com/images/I/519US26Us0L.jpg,764618,width,"6.3"" PENGUINS 12.3""",The width of the object in the image is 12.3 inches.
29560,29595,https://m.media-amazon.com/images/I/519j-Y9JTiL.jpg,864320,width,"Size Neck 6.3""(17cm) Chest 16.5""(42cm) Waist 13.8""(35cm) Hips 18.1""(46cm) Thigh circumference 10.2"" (26cm) 7.5"" (19cm) Shoulder Width Body Height 18.1""(46cm)","7.5"" (19cm)"
29773,29808,https://m.media-amazon.com/images/I/519xDCSJL6L.jpg,730429,width,10.1lnch SATURDAY AFTERNOON 8.2lnch 12.26 101nch PM JANUARY 6 2022,10.1 inches
29924,29959,https://m.media-amazon.com/images/I/51A4xvuaZoL.jpg,558806,width,3.7CM 12CM,3.7 cm
30068,30103,https://m.media-amazon.com/images/I/51AEEbJM9qL.jpg,549052,width,GREAT SIZE FOR SMALL DOGS 7.5 2,2 inches
30107,30142,https://m.media-amazon.com/images/I/51AH8IBuJyL.jpg,362879,width,70mm E 143mm 42mm KEY CHAIN WEIGHT ~25G KEY SHELL WEIGHT 45G,The width of the object in the image is 42mm.
30157,30192,https://m.media-amazon.com/images/I/51AKTAOyC9L.jpg,536583,width,Plane Body Plane Body Plane Body Product Nane Planer Blade Planer Blade Planer Blade Length Width Height Length Width Thickness Ebony Small 80mm 22mn 22mm 55mm 13.5nm 2nn Polisher,"The width of the object, as indicated in the table accompanying the image, is 22mm."
30289,30324,https://m.media-amazon.com/images/I/51ATyYMRANS.jpg,762585,width,"ULTRA ULTRA ULTRA RIZLAT. RIZLAF SLIM ULTRA SLIM RIZLAF SLIM ULTRA SLIM RIZLA-F SLIM 57 5.7 5,7 120 120 ENTRIC 5,7MM 120 ENSTEKS 120 5,7MM ....... 120 FILTRES EN STICKS",5.7 MM
30446,30481,https://m.media-amazon.com/images/I/51AhDXhKHVL.jpg,931856,width,cm 100,The width of the object in the image is 100 cm.
30466,30501,https://m.media-amazon.com/images/I/51AixAQR7yL.jpg,849273,width,"14.0"" ROPA",14.0 inches
30608,30643,https://m.media-amazon.com/images/I/51ArzLRRfGL.jpg,119607,width,16'x16,"16"""
30705,30740,https://m.media-amazon.com/images/I/51AyIxMINnL.jpg,730429,width,10.1nch SATURDAY AFTERNOON 8.2lnch 12: 101 26 PM JANUARY 6 2022,10.1 inch
30730,30765,https://m.media-amazon.com/images/I/51AzpFoeTHL.jpg,886344,width,11.8 62.2,"The width of the object in the image is 11.8 inches, as indicated by the measurement provided on the right side of the top view illustration."
30750,30785,https://m.media-amazon.com/images/I/51B-O9IXCOL.jpg,931856,width,14.17 in,"The width of the object in the image is not directly measurable from the provided perspective. However, if we assume that the plant's width is approximately equal to its height due to its upright growth habit, which is common for such plants, an estimate could be made by using the height measurement as a reference. Without additional measurements or a clear view of the base and top spread of the plant, providing an exact width cannot be determined solely from this image."
30920,30955,https://m.media-amazon.com/images/I/51B9pxAzaKL.jpg,521308,width,19.7 17.3 29.9 66.1,"66.1"""
31193,31230,https://m.media-amazon.com/images/I/51BRuPAQxKL.jpg,991868,width,1 - 7.87IN HANGING HOLE 5.3IN 90 ADJUSTABLE STAND,5.3 IN
31196,31233,https://m.media-amazon.com/images/I/51BSAEn9dAL.jpg,150535,width,12',12 inches
31233,31270,https://m.media-amazon.com/images/I/51BV1V8+A8L.jpg,208023,width,IWALLSPACE,20 inches
31833,31870,https://m.media-amazon.com/images/I/51C6er2HC+L.jpg,488964,width,"8 inches ZOMBAE Standard 16.9 oz 2.5 x 2.5' 1.5 x 3.5"" Water Bottle",2.5 x 2.5 inches
31885,31922,https://m.media-amazon.com/images/I/51CACEzIpqL.jpg,752266,width,0.2W IP67DC12V FC EMC ce RoHS A+ 32MM 23MM 89,32MM
33539,33576,https://m.media-amazon.com/images/I/51DwMkLB8JL.jpg,966823,width,2 PACK 8.3 10 1 14.4,The width of the object in the image is 10 inches.
33787,33827,https://m.media-amazon.com/images/I/51EDJRiAXCL.jpg,757743,width,4,4 inches
34057,34098,https://m.media-amazon.com/images/I/51EWsqF64oS.jpg,208023,width,6.5 in LAURA ASHLEY 5 in fits 4x6photo,5 inches
34706,34747,https://m.media-amazon.com/images/I/51FGZultpPL.jpg,945489,width,Neck finish 24-400 Height 4.447 in Label size 2.362x5.708 in Diameter 1.929 in TheBottleDepot,"The width of the object in the image, which is the diameter, is given as 1.929 inches."
35017,35059,https://m.media-amazon.com/images/I/51FeAVbTBiL.jpg,991868,width,Product Size 9.65 M 5.31 8 3 $0.28 5.51 Weight: 0.27 Ib,9.65 inches
35057,35099,https://m.media-amazon.com/images/I/51Fh+M6cN9L.jpg,130202,width,6' 9' IM TM& DC Comics. (619),6 inches
35143,35185,https://m.media-amazon.com/images/I/51FnS4xaJuL.jpg,658892,width,13.8 2.7,The width of the object in the image is 2.7 inches.
36151,36193,https://m.media-amazon.com/images/I/51Gvf5XzBCL.jpg,816782,width,Rug Form Type Area Rug Size 2'x 8' Material Polyester,2 feet
36510,36554,https://m.media-amazon.com/images/I/51HJ5ZG4CML.jpg,192915,width,LINEA ARMADA 12CM - igoto 8 CM NOM iGOtO,8 CM
36808,36852,https://m.media-amazon.com/images/I/51Hfd3JnShL.jpg,675317,width,3.15 inch 80mm 4.57 inch .116mm 148mm 5.83 inch 180mm 7.09 inch 8.35 inch .212mm 244mm 9.61 inch .. 13.31 inch .338mm 19.69 inch 500mm 600mm 23.62 inch 31.50inch 800mm 39.37 inch 1000mm Height: 0.7 inch 18mm) 47.24 inch 1200mm,The width of the object in the image is 0.7 inch (18mm).
36927,36971,https://m.media-amazon.com/images/I/51Hodqm+w5L.jpg,130202,width,3.94lnch 1.58lnch P55EROHSABS Easy To Install 7.09lnch,3.94Inch
36955,36999,https://m.media-amazon.com/images/I/51HqmKULDKL.jpg,358831,width,9.8 DOUBLE THICKNESS 0.8,The width of the object is 15.7 inches.
37216,37260,https://m.media-amazon.com/images/I/51I90fHYMlL.jpg,810266,width,81/8 13.41oz 27/8,"2 7/8"""
37268,37312,https://m.media-amazon.com/images/I/51ICrEe6ugL.jpg,648011,width,45mm E27 BASE 3W=28W 280 Huoqilin LUMENS E273000K 83mm 3W220-240V X3 3000K WARM WHITE,45mm
37357,37401,https://m.media-amazon.com/images/I/51IGbFQKr4L.jpg,944936,width,"RAFFLE Bring a pack of diapers in any size, for a chance to win","2"""
37535,37579,https://m.media-amazon.com/images/I/51IQ9gtwvxL.jpg,931247,width,"HOW TO MEASURE SIZE Tablecloth size= 52""x70 Drop=6' Drop=12"" Table=40x58 Table=28x48",The width of the object in the image is 52 inches.
37680,37724,https://m.media-amazon.com/images/I/51IcPJTh5aL.jpg,683885,width,Decorative Matte Tulle QXPO 100% Polyester nternational TL2440BK 3048410827 MADE IN CHINA Matte Tulle Int XPOpMall,6 inches
38813,38857,https://m.media-amazon.com/images/I/51JpbWlEu+L.jpg,558806,width,4.5CM 5CM 5CM 5CM 7.5CM 5CM,The width of each object in the image is 5 centimeters.
39161,39205,https://m.media-amazon.com/images/I/51KCdYT4KpL.jpg,752266,width,11.6in 0.98in 0.98in Super Slim Backlit Design,11.6 inches
39410,39454,https://m.media-amazon.com/images/I/51KU+J5n7aS.jpg,119607,width,Please Keep Off The Grass Thank Yyou Afuven Size,The width of the object in the image is 7 inches.
40238,40283,https://m.media-amazon.com/images/I/51LLgbkA8QL.jpg,886344,width,Winch Plate 10,"The width of the object in the image is 4.49 inches, as indicated by the measurement provided on the inset diagram below the main image."
40251,40296,https://m.media-amazon.com/images/I/51LMlxUxG3L.jpg,172842,width,Breathe Cut-To-Fit 1Pack Replacememt Carbon Activated Pre-Filter 16x48 UPC:739342810021,"16"""
40627,40672,https://m.media-amazon.com/images/I/51LlYbeG72L.jpg,866516,width,4-1/4',"6"""
41922,41967,https://m.media-amazon.com/images/I/51NDUHhhA-L.jpg,810266,width,-220 -210 -180 6 150 120 -90 -60 MAM 2- -30 ml UK floz,210 mm
42309,42354,https://m.media-amazon.com/images/I/51NcpRswwEL.jpg,943839,width,www.gunplatools.com GUNPLA O Wood Cutting Saw Blade 222 1154.5x40Tx22.2mm X.RPM 2.0 mm 13200 Carbide Teeth 2.0mm kerf #421217,The width of the saw blade is indicated as 22.2mm on the packaging.
42473,42518,https://m.media-amazon.com/images/I/51NpSneSK0L.jpg,524117,width,2 Insulated Compartments 15.8CM Panda LUNCH BOX X X 15.7CM,15.8 CM
42920,42965,https://m.media-amazon.com/images/I/51OGkwblhXL.jpg,150535,width,7.5 HOLOGRAPHIC FOIL DETAILS PACK OF 8,"7.5"""
43066,43111,https://m.media-amazon.com/images/I/51OR0ym+zCL.jpg,181357,width,120cm/47Inches 17cm 15cm,15cm
43666,43712,https://m.media-amazon.com/images/I/51P3no1RHOL.jpg,178958,width,Fixed bucket design 13CM high heels Ladies'shoes Men's shoes Size 43 men's shoes,15CM
43826,43872,https://m.media-amazon.com/images/I/51PFxqMn7+L.jpg,483370,width,10 in,The width of the object in the image is 10 inches.
43875,43921,https://m.media-amazon.com/images/I/51PJZfG6aqL.jpg,784538,width,"11.5 inch CHARLOTTES WEB ""Why did you do all this for me?"" he asked. ""I don't deserve it. I've never done anything for you."" 15 inch ""You have been my friend,"" replied Charlotte. ""That in itself is a tremendous thing... 164.",15 inch
43948,43994,https://m.media-amazon.com/images/I/51PO6OhhadL.jpg,675317,width,BRICARD SERRURE A ENCASTRER Porte de SALLE DE BAIN TOILETTES FERMETURE PAR BOUTON CARRE7MM REVERSIBLE AXE40MM 2676 BOUTS RONDS,40 mm
43976,44022,https://m.media-amazon.com/images/I/51PQO9L2fgL.jpg,242256,width,3'x5 SIZE,3 feet
44635,44681,https://m.media-amazon.com/images/I/51Q9zYbyPaL.jpg,150535,width,S N HI PACKING Organic Bagasse Dinner Plates Eco-Friendly 7Round Plates Disposable Produce from sugarcane pulp Microwavable 100% SEGO 100% BPA FREE,7 inches
45003,45049,https://m.media-amazon.com/images/I/51QZ7a4o68L.jpg,944936,width,SIZE HO HO 8 HO Ly SHIT WE MADE IT TO DECEMBER! 5.3',8 inches
45081,45127,https://m.media-amazon.com/images/I/51QedafL9pL.jpg,931856,width,6.6in Realistic flower heads .5in 8 Vivid green leaves Long stem can be bent or trimmed,6.6in
45413,45459,https://m.media-amazon.com/images/I/51R+Gv0IUkL.jpg,648011,width,How Should We Choose The Size SCREWDISTINCTION 27MM 14MM SIZE: E27 SIZE: E14,27MM
45570,45616,https://m.media-amazon.com/images/I/51RB+kGOw9L.jpg,278850,width,tep EJ3:27x27mm 04 TOTAL AMOUNT * 38.9.25,27 mm
45583,45629,https://m.media-amazon.com/images/I/51RBz6TSVsL.jpg,470067,width,"270mm/10.24 130mm/5.12 "" >>> 1/2"" = 00 1/4"" 70mm/2.75"" >>>> 3/8'","The width of the object in the image is 70mm or 2.75 inches, as indicated by the vertical measurement provided next to the faucet."
45610,45656,https://m.media-amazon.com/images/I/51REsIKC2UL.jpg,784538,width,59.1x82.7inch/150x210.cm 51.2x59.7inch/130x150.cm 29.1x38.2inch 73x95.cm 5 QUEEN BED 60 in width,60 inches
45688,45734,https://m.media-amazon.com/images/I/51RJaFfXMwL.jpg,558806,width,4' 7.25,"4"""
45874,45920,https://m.media-amazon.com/images/I/51RVHquXMkL.jpg,141308,width,LAPTOP COMPARTMENT suitable for 14-inch laptops,"The width of the object in the image, which is a laptop, cannot be precisely determined from the provided perspective and without additional reference points. However, based on common dimensions for 14-inch laptops, it can be inferred that the laptop's width falls within the range of approximately 35 to 38 centimeters (approximately 14 to 15 inches). This estimation assumes standard dimensions for such devices."
46041,46087,https://m.media-amazon.com/images/I/51Rge5KSnxL.jpg,784538,width,"IBIZA 10"" RELAX 8'","8"""
46480,46526,https://m.media-amazon.com/images/I/51SAWY5XagL.jpg,416664,width,"Turn on/off 2/4/6/8 hours timer MODE Flickering/Non-flickering Increase/Decrease brightness 9.8"" Powered by 2AAA batteries (Not Included) 0.78'",0.78 inches
46909,46955,https://m.media-amazon.com/images/I/51ScyWiIx7L.jpg,516127,width,,3.5 inches
47155,47202,https://m.media-amazon.com/images/I/51SvBwy67LL.jpg,932012,width,"Inside Mount 38"" 0.5 Window Depth>2.5"" Order Width=Blind Width=Window Width-0.25""(at least) 72 Outside Mount The actual fabric size will be 0.5""shorter than the blind width due to the top rail frame Order Width=Blind Width=Window Width+4""(at least)",38 inches
47169,47216,https://m.media-amazon.com/images/I/51Sx1-EFpXL.jpg,460806,width,,1.25 inches
47364,47411,https://m.media-amazon.com/images/I/51T8gYO8zEL.jpg,483370,width,"Product Size Figure Height : about 4.3"" Iphone X Height:about 5.5' 10:24 Tuesday.September 13 5.5""","The width of the object in the image is not explicitly provided in the product size information given. The measurements are only for the height, comparing to an iPhone X and another figure. To determine the exact width, one would need additional dimensions or a direct measurement tool at hand."
47869,47916,https://m.media-amazon.com/images/I/51Ti6iWkMdL.jpg,894599,width,"Max Clamping 2.16""",2.16 inches
48012,48059,https://m.media-amazon.com/images/I/51Tpjd17b+L.jpg,341157,width,4.3 Inches USB ... 480p,4.3 Inches
48656,48703,https://m.media-amazon.com/images/I/51UXj92Hz+L.jpg,154981,width, dedimed dealmed SMOOTH Table Paper SMOOTH Table ITEM Paper 782041 12 12 ROLLS ROLL WHITE 2X225FT ITEM# 782041 UEA WHITE 21X225 FT. USA,"21"""
48955,49002,https://m.media-amazon.com/images/I/51Uv2Ag3mVL.jpg,145452,width,2000 ml 1750 Awake 1500 3Active cm 1250 3Confident 1000 3Strong 750 Better 500 3Yourself 250 3Focused 3Life,26 cm
49002,49049,https://m.media-amazon.com/images/I/51UyjrBvwjL.jpg,362879,width,70mm 146mm 47mm KEY CHAIN WEIGHT ~25g KEY SHELL WEIGHT ~29G,"The width of the object, as indicated in the image, is 47mm."
49238,49285,https://m.media-amazon.com/images/I/51VDx0BidwS.jpg,945489,width,3JD-RFJl 8 10.8CM 1D 30ML 225 2 3,The width of the object in the image is 30 millimeters.
49520,49567,https://m.media-amazon.com/images/I/51VXFNaLt8L.jpg,521308,width,70 in 33 in 33 in,70 in
49588,49635,https://m.media-amazon.com/images/I/51Vdh3f228L.jpg,558806,width,"SIZE 3.1"" 2",3.1 inches
49619,49666,https://m.media-amazon.com/images/I/51VefRAQe3L.jpg,470067,width,"820 9.5"" 7.5"" 4.5"" 6""","The width of the object, as indicated in the image, is 7.5 inches."
49720,49767,https://m.media-amazon.com/images/I/51VlW00FX7L.jpg,611510,width,102 CM 76 CM,"The width of the object, as indicated by the measurement in the image, is 76 cm."
50238,50285,https://m.media-amazon.com/images/I/51WFwAezsBL.jpg,913156,width,4.5 99,"The width of the object in the image is 4.5 inches, as indicated by the measurement provided alongside the lantern."
50597,50644,https://m.media-amazon.com/images/I/51WfteCYUyL.jpg,244283,width,Veniliau createur de tendances,67.5 cm
50742,50789,https://m.media-amazon.com/images/I/51WpsHY2UlL.jpg,142748,width,Size 7.5 ft Color Red Material Polyester Pattern Square,7.5 ft
51325,51372,https://m.media-amazon.com/images/I/51XRkckQ5gL.jpg,433914,width,- 17 1.6,24 inches
51533,51580,https://m.media-amazon.com/images/I/51XgRqZ7SsL.jpg,347404,width,10 Pack 8.1 in 11.6 in 11 in,8.1 in
51885,51932,https://m.media-amazon.com/images/I/51Y3XxrDLfL.jpg,347404,width,8.7 10.25,10.25 inches
51908,51955,https://m.media-amazon.com/images/I/51Y4Cb+3SWL.jpg,119607,width,Height:8.66 Inch Thickness:1.77 Inch Width:4.83lnch Lamp bead A battery pack groove,4.83 inches
52020,52067,https://m.media-amazon.com/images/I/51YCiOdZwUL.jpg,846116,width,"About This Item Hight-7.5 CM Length-16CM High-Quality ABS Material And waterproof rubber Style:Shark fin(Shark fins, streamlined design makes the car more beautiful","The width of the object in the image is 7.5 cm, as indicated by one of the bullet points under ""About This Item""."
52135,52182,https://m.media-amazon.com/images/I/51YKSNCVTdL.jpg,752266,width,350 6.54cm 6.54cm,The width of the object in the image is 6.54 cm (approximately).
53070,53117,https://m.media-amazon.com/images/I/51ZMGqaPeeL.jpg,276611,width,"24[610] 23/2[596] [ 40] /8[40] 1/2[12/4[5] 3 91 8[40] 90 178 21[533] 7 3 /8[40] 30[762] [908]/ 21/8[550] 21/8[548] 19/2[496] 3' [09]8 23[583] 1/2[12] 1/212] /2[12] 21[534] 3[76] 918 B21 21"" B18 18"" 24[610] 8[15] B15 15"" 5%8[15] B12 12"" [91]8 B09 9"" 4[6] /4[6] Item Name W 146 /4[6]","30"""
53289,53336,https://m.media-amazon.com/images/I/51ZcjW6ogSL.jpg,849273,width,20',The width of the object in the image is 20 inches.
53603,53650,https://m.media-amazon.com/images/I/51a+dsyyn0L.jpg,816782,width,,"The width of the object, as indicated by the measurement in the image, is 75 centimeters."
53780,53827,https://m.media-amazon.com/images/I/51a91sHDeqL.jpg,526954,width,30X 10-30X25mm 3.5at 10X 2.0at 30X,25mm
53827,53874,https://m.media-amazon.com/images/I/51aBbcd+IqL.jpg,721542,width,Product Size PACKAGE BOX: 3 9' 8.2' 6.5' 20' 10',8.2'
54391,54438,https://m.media-amazon.com/images/I/51anq411awL.jpg,589105,width,20 14,"20"""
54529,54576,https://m.media-amazon.com/images/I/51axgD2MAWS.jpg,558806,width,Dimensions 6 lNCH 15 CM APPROX. 7.5 lNCH 19 CM APPROX.,6 inches (15 cm)
54784,54831,https://m.media-amazon.com/images/I/51bD1o7iXRL.jpg,312608,width,"Size King Size 5 FEET, Height 36 INCHES Material Wood, Fabric, Foam Frame Material Wood",5 FEET
55401,55449,https://m.media-amazon.com/images/I/51brteskCbL.jpg,526954,width,52 22,"52"""
55659,55707,https://m.media-amazon.com/images/I/51c6tJb4qDL.jpg,436746,width,2 sets H: 1.38',"The width of the object in the image is not directly measurable from the provided perspective. However, based on the standard dimensions for such objects and assuming it is a typical kitchen appliance part, one might estimate its width to be around 12 inches (30 cm), which is a common size for similar items like stove burner grids or oven racks. This estimation is made by considering the proportionality of the visible height measurement relative to the overall shape and known uses of such parts."
56010,56059,https://m.media-amazon.com/images/I/51cV66nNAnL.jpg,459271,width,V: 7.44mpg 17 3/16' 11 7/16' 11 7/16',"11 7/16"""
56127,56176,https://m.media-amazon.com/images/I/51cf65-p8UL.jpg,810266,width,,The width of the object in the image is 4 inches.
56567,56616,https://m.media-amazon.com/images/I/51d9SuzDiyL.jpg,886344,width,77.32' 15.94' 9.92,77.32 inches
57355,57404,https://m.media-amazon.com/images/I/51e2yE9yLdL.jpg,558806,width,6.5 in Birthdoy 6.6 in Suitable for decorating most cake sizes.,"The width of the object in the image is 6.5 inches, as indicated by the measurement on the right side of the graphic."
57449,57498,https://m.media-amazon.com/images/I/51e9cGSF4pL.jpg,311997,width,FIXED MOUNT 1031 3FT.X12INFIXEDMOUNTWIRESHELEKTCONTENTS 8 2 All-Purpose/Linen Shelf End Caps 12 in.Support 3 ft.Shelf Brackets 4 2 6 Wall Clips 0.25 in.Anchors 1in.Pins CLOSETMAID All hardware included,12 in.
57528,57577,https://m.media-amazon.com/images/I/51eF6Q+axJL.jpg,846116,width,Product Size 6.69 2.75,"6.69"""
58346,58398,https://m.media-amazon.com/images/I/51fCVV1ilhL.jpg,695925,width,- - I I - - I 5 1 - - I - I - - -- 4.125'---,4.125 inches
58520,58572,https://m.media-amazon.com/images/I/51fNlSdbdXL.jpg,932012,width,"Inside Mount 20"" 0.5 Window Depth>2.5"" Order Width=Blind Width=Window Width-0.25""(at least) 72 Outside Mount The actual fabric size will be 0.5""shorter than the blind width due to the top rail frame Order Width=Blind Width=Window Width+4""(at least)",The width of the object in the image is 20 inches.
58769,58821,https://m.media-amazon.com/images/I/51ffER3a9WS.jpg,810266,width,"3.3"" Capacity: 16 Oz","3.3"""
58839,58891,https://m.media-amazon.com/images/I/51fkqZEzBDL.jpg,468949,width,"SIMPLE SHOWER WALLS & BASE KIT Quick and easy replacement option for a standard 5'bath. Silicone caulk & drain included. Insert wall tabs into the shower base slots Low 2.6""high threshold","The width of the shower walls and base kit in the image is not directly measurable from the provided information. However, it is mentioned that the kit is designed for a standard 5' bath, which typically refers to a bathroom with a length of approximately 5 feet (60 inches). This suggests that the width could be around 36 inches or more to accommodate the space requirements of a typical shower area. To determine the exact width, one would need additional measurements or specifications not available in this particular image."
59110,59162,https://m.media-amazon.com/images/I/51g2ANdAafL.jpg,810266,width,4.1 in 3.1 in large capacity 12 OZ,"The width of the object, as indicated by the measurement provided in the image, is 3.1 inches."
59300,59352,https://m.media-amazon.com/images/I/51gEyeJBlPL.jpg,425150,width,"SIZE Flagpole is 5' in length, perfect size for displaying 3x5ft or 2x3ft flags. Flagpole collapses to 11in size for easy storage","The width of the flagpole is not explicitly stated in the image. However, it does indicate that the pole is 5 inches in length when fully extended and collapses to a size suitable for storage, which would typically be less than its full extended width. The exact width is not provided, but given standard designs, it could range from approximately 1 to 2 inches wide at the base where the grip and handle are attached. For precise measurements, one would need additional information or a scale reference within the image."
60004,60056,https://m.media-amazon.com/images/I/51h+tcf6PnL.jpg,597647,width,"Rod Length =12' Total Length=17"" Rectangular Guard Width = 2.5' Handle Length = 5'",2.5 inches
60374,60426,https://m.media-amazon.com/images/I/51hQC1XakZL.jpg,126471,width,"78"" 36"" SIZE CONVERSION CHART LENGTH WIDTH THICKNESS INCH 78 36 UPTO8 CENTIMETER 198 91 UP TO20 FEET 6.5 3 UPTO0.6",36 inches
60793,60845,https://m.media-amazon.com/images/I/51hrNSav6OL.jpg,396026,width,1.7 INCHES 2.1 INCHES,2.1 INCHES
60975,61027,https://m.media-amazon.com/images/I/51i47jqD8YL.jpg,648011,width,Zigbee B22 Smart Bulb Works with Alexa Philip Hue Sumsung SmartThings Hub 2.8in Echo Plus (2nd) Echo (4th Gen) Zigbee LED Bulb B22RGBCW+2700K+6500K 4.5WAC100-240V50/60HZ FCE ROHS Echo Studio Echo Show 10 (3rd Gen) 1.6n,2.8 inches
61192,61244,https://m.media-amazon.com/images/I/51iIHxJWICL.jpg,589105,width,4,"4"""
61362,61414,https://m.media-amazon.com/images/I/51iRf2il0DL.jpg,460806,width,,52mm
61505,61557,https://m.media-amazon.com/images/I/51ibfUVR5QL.jpg,521308,width,"Height:44Width:85 Depth:40""Weight:283lbs 85"" 44 40"" Copyright Ashley Furniture Industries","85"""
62282,62335,https://m.media-amazon.com/images/I/51jUPSnsbkL.jpg,208023,width,PHOTO FRAME 8x10 AMANTIART real wood made in the U.S.A.,8 inches
62326,62379,https://m.media-amazon.com/images/I/51jYqL79yML.jpg,104874,width,Size: SPOORS Folded Unfolded 10 10,5 inches
62439,62492,https://m.media-amazon.com/images/I/51jhg-rFSkL.jpg,558806,width,SIZE 2 4 6 3 IN 8 9101112131415,3 inches
62612,62665,https://m.media-amazon.com/images/I/51jxgR9R36L.jpg,483370,width,Product Size 7.87in,"The width of the object in the image, which is a plush toy, is 7.87 inches. This measurement is indicated by the arrow pointing to the right side of the toy's body, suggesting that the width extends from one end to the other along its horizontal axis."
62659,62712,https://m.media-amazon.com/images/I/51k+vcQnjqL.jpg,478357,width,24-Inch 17-Inch 23.63-Inch,"The width of the object, as indicated in the image, is 24 inches."
62705,62758,https://m.media-amazon.com/images/I/51k1VPqGjuL.jpg,483370,width,30.0cm Tall,30.0 cm
62855,62908,https://m.media-amazon.com/images/I/51kACZQJLTL.jpg,492950,width,cm 9,9 cm
63166,63219,https://m.media-amazon.com/images/I/51kTv4DYJbL.jpg,258617,width,"1.81"" 1.5"" 36PCS",The width of the object in the image is 1.81 inches.
63209,63262,https://m.media-amazon.com/images/I/51kWsJiG5bL.jpg,529606,width,AGLARY Natural Beeswax BEESWAX CANDLES AGLARY BEESWAX NATURAL Height:9 pack or 2,"The width of the object, which is a beeswax candle, cannot be precisely determined from the image provided as there are no clear measurements or references for scale. The packaging indicates that each candle has a height of 9 inches but does not provide information on its diameter or width. To accurately measure the width, one would need additional information or a reference object with known dimensions in the same frame."
63538,63593,https://m.media-amazon.com/images/I/51kuCwwpQ4L.jpg,434825,width,,"6"""
63828,63885,https://m.media-amazon.com/images/I/51lC3rIuLEL.jpg,558806,width,"Topper Size 4.5""",3 inches
63837,63894,https://m.media-amazon.com/images/I/51lCjrk-L3L.jpg,278850,width,#NAME?,9mm
63918,63975,https://m.media-amazon.com/images/I/51lHdDygATL.jpg,870865,width,"12"" A WARNING: CHOKING HAZARD-Sma pan 16","9"""
64254,64312,https://m.media-amazon.com/images/I/51lefiNjMML.jpg,173193,width,4.92,"The width of the object in the image is 4.92 inches, as indicated by the measurement line and arrow pointing to the top edge of the cylinder."
64386,64444,https://m.media-amazon.com/images/I/51lmyIHi5kL.jpg,468949,width,E 140mm 140mm 090mm 40mm 60mm 60mm D 8 T A Size mm A B C D E 1100x700 1095 695 40 60 140 1100x760 1095 695 40 60 140 1100x800 1095 795 40 60 140 1100x900 1095 895 40 60 140,The width of the object in the image is 140mm.
64707,64765,https://m.media-amazon.com/images/I/51m9gIorF0L.jpg,150535,width,17.5CM 3.5CM,"The width of the object in the image is 17.5 centimeters, as indicated by the measurement line labeled ""17.5CM"" above the topmost part of the circular plate."
65027,65086,https://m.media-amazon.com/images/I/51mWClQPEUL.jpg,558832,width,7.87 4.72 1.8,"The width of the object, as indicated in the image, is 4.72 inches."
65029,65088,https://m.media-amazon.com/images/I/51mWHLvRmGL.jpg,180410,width,"3.1"" Good Mood 0.7"" Iphone 13 Pro 4.0"" Weight: 60 Gram Pink Black Yellow Blue Purple","4.0"""
66138,66197,https://m.media-amazon.com/images/I/51niH8NumXS.jpg,927393,width,SUAE 8.5 CM,8.5 cm
66167,66226,https://m.media-amazon.com/images/I/51nkh2Iq3DL.jpg,483370,width,9.4 in,The width of the object in the image is 9.4 inches.
66230,66289,https://m.media-amazon.com/images/I/51nq+3gnsBL.jpg,846116,width,38.5CM 19CM,The width of the object in the image is 19 centimeters.
66473,66532,https://m.media-amazon.com/images/I/51o75KUeSAS.jpg,208023,width,7.5 in AORA ASHLE 5.5 in fits 5x7 photo,5.5 inches
66537,66596,https://m.media-amazon.com/images/I/51oCGDrA8TL.jpg,658003,width,Total Length: 32.8ft / 10m Weight: 122g 3.94 in/100 mm,"The width of the object in the image is 3.94 inches or 100 mm, as indicated by the measurement scale on the right side of the image."
66869,66928,https://m.media-amazon.com/images/I/51oYHFA-JzL.jpg,943839,width,"BOSCH 1,0 2600100373 4059952527659 Tools GmbH",20 mm
66904,66965,https://m.media-amazon.com/images/I/51obMPfJF3L.jpg,254046,width,DELUXE SQUIRT GUN METHOD OFUSE NO.1211,7 inches
67094,67155,https://m.media-amazon.com/images/I/51onpJ4U4EL.jpg,119607,width,"Nativity 16.75  18.5' Angels Letters 10.75 x 11.25' 16.75"" Tall","16.75"""
67105,67166,https://m.media-amazon.com/images/I/51ooAk++X0L.jpg,594224,width,CLASSIC 3,3 inches
67315,67376,https://m.media-amazon.com/images/I/51p2KaLH3AL.jpg,652661,width,Two Large Feeding Area 13.98/ 12.98 12.98,12.98 inches
67691,67752,https://m.media-amazon.com/images/I/51pRcuTm6QL.jpg,866516,width,TALL APPROXIMATELY8INCHES APPROXIMATELY3INCHESWIDE,3 inches
67714,67775,https://m.media-amazon.com/images/I/51pTueB8UtL.jpg,468949,width,Frente de banera Corredera 1 fijo+ 1 puerta cm adaptable apertura apertura 140 134-139 58-62 145 139-144 59-63 150 144-149 63-67 Altura 150 cm 155 149-154 64-68 160 154-159 68-72 165 159-164 69-73 170 164-169 71-75 adaptable 175 169-174 71-75 180 174-179 71-75 Made In Spain,140 cm
67741,67802,https://m.media-amazon.com/images/I/51pVKouv67L.jpg,278850,width,"Wood Handle 3.5"" Removable CopperSealHead 1.18""_","The width of the object, as indicated in the image, is 1.18 inches."
67984,68045,https://m.media-amazon.com/images/I/51pmfSnxf6S.jpg,172842,width,Dreathe Naturally Hunter 309012pk Premium Carbon Filters FilterMeasures 16x30 UPC 700814980344 MADEIN USA,"16"""
68055,68116,https://m.media-amazon.com/images/I/51psENfmgCL.jpg,292475,width,20cm Mixing Bowl - Pack of 2 eMKay R,20cm
68541,68602,https://m.media-amazon.com/images/I/51qL7UanyKS.jpg,483370,width,"Measurement method 90CM 35IN Manual measurement, please allow a little error,subject to the actual product",90CM
68627,68688,https://m.media-amazon.com/images/I/51qRrKnEnZL.jpg,721542,width,10' 20' 8.5' 6.5',20'
69171,69232,https://m.media-amazon.com/images/I/51r-CboZtzS.jpg,104874,width,5,5 inches
69188,69249,https://m.media-amazon.com/images/I/51r07N-1D4L.jpg,648011,width,60MM LIGHT UP IMAGE 108MM BulbType:A60 Watts:8W(Equivalent 80W) Voltage :220-240V Luminous Flux:800LM Beam Angle:360 1800k 8000k 16000k 2500k,60MM
69268,69329,https://m.media-amazon.com/images/I/51r53ixLhNL.jpg,396159,width,"37.5"" HIPHOP PANDA === 53 - - Premium Bamboo Baby Hooded Towel Sizes:37.5x37.5 H:53","37.5"""
69310,69374,https://m.media-amazon.com/images/I/51r7ujYeDLL.jpg,752266,width,43|cm,43 cm
69474,69538,https://m.media-amazon.com/images/I/51rIUSCbZjL.jpg,549052,width,"Fishing rod: 40-98CM, caterpillar replacement head: 16cm","The width of the fishing rod, as indicated in the image, is 40-98 centimeters. This measurement refers to the length of the rod and not its width or diameter."
70178,70242,https://m.media-amazon.com/images/I/51s2ArvG6-L.jpg,483370,width,Product size 11.8in ),"The width of the object in the image is not directly measurable from the provided perspective. However, the height measurement given as 11.8 inches can be used to estimate the width if we assume that the object is roughly proportionate in all dimensions. Without a clear view of the object's shape and assuming it has a rectangular or square base, one could infer that the width might be approximately equal to the height, making it around 11.8 inches wide. For an accurate measurement, a direct side view or additional measurements would be necessary."
70243,70307,https://m.media-amazon.com/images/I/51s6K86sWxL.jpg,486423,width,1.44' 8 17 17',The width of the object in the image is 17 inches.
70471,70535,https://m.media-amazon.com/images/I/51sQSA5p-mL.jpg,529606,width,"Jeka Grab-/Gedenk Kerze Motive ""Herz"" OUTDOOR HOHE: 21 CM Erinnerungen die unser niemals verloren + BRENNDAUER BIS ZU 7 TAGE FRIEDHOFSKERZE","The width of the object in the image is not explicitly provided. The dimensions given are for height only, which is 21 cm as indicated by the orange ruler icon on the right side of the image. Without additional information or a reference scale that includes width, it's not possible to determine the exact width from this image alone."
70628,70692,https://m.media-amazon.com/images/I/51sb66bTDvL.jpg,810266,width,NI8'6,9.8 inches
70923,70987,https://m.media-amazon.com/images/I/51svi-ngqdL.jpg,932289,width,44 Inch 9. vebro 12 Inch Methat hagyin INDOOR 281nch keshi ethat hayy OUTDOOR 14lnch,12 inches
71220,71285,https://m.media-amazon.com/images/I/51tHSnPKgNL.jpg,675680,width,17.5LX6W,"6"" W"
71229,71294,https://m.media-amazon.com/images/I/51tIGyAUfzL.jpg,793774,width,29.5-Inch,29.5-Inch
71417,71482,https://m.media-amazon.com/images/I/51tVvp0nzLL.jpg,784538,width,100 12' EL ELOTE,8 inches
72174,72239,https://m.media-amazon.com/images/I/51uJPkZq67L.jpg,667819,width,LA REGLA L TAMBIEN TIENE UN MARCADOR DE OJILLOS. PARA COLOCARLOS SIEMPRE A2CM.,2 cm
72328,72393,https://m.media-amazon.com/images/I/51uWE0x4qmL.jpg,120219,width,"Tita 2.6 "" 9",9 inches
73685,73751,https://m.media-amazon.com/images/I/51w1eakrjgL.jpg,886344,width,68.11' 15.75 9.45,68.11 inches
73791,73857,https://m.media-amazon.com/images/I/51w8cA2bhAL.jpg,846116,width,TWAYRDIO ww,43cm
74451,74517,https://m.media-amazon.com/images/I/51wtktOOaXL.jpg,292475,width,9.5' diameter tall,"The width of the object, which is the diameter of the bowl, is 9.5 inches."
74589,74655,https://m.media-amazon.com/images/I/51x-yWLJdBL.jpg,306956,width,"Heart Shape Cake Pop Shooter 2"" 4 7 X 50 Pack",2 inches
74694,74760,https://m.media-amazon.com/images/I/51x6hKtyrHL.jpg,464488,width,"Approximately 1.5"" tall",The width of the object is approximately 0.75 inches.
74750,74816,https://m.media-amazon.com/images/I/51xB+i+AM3L.jpg,844474,width,Lightweight Design Eco-friendly fabric Ergonomic design Wear-resistant YUNONGE 50CM 24CM Can hold a 15.6-inch laptop 34CM,34CM
75406,75472,https://m.media-amazon.com/images/I/51xyKp9XbKL.jpg,529606,width,7.8lnch(20cm) Burn time:4 hours 0.82lnch(2.1cm),0.82 inch (2.1 cm)
76263,76332,https://m.media-amazon.com/images/I/51ywolgdoXL.jpg,816782,width,2'ft. 10' ft.,2' ft
76265,76334,https://m.media-amazon.com/images/I/51ywr-prLFL.jpg,478357,width,"40 16""in 40cm 56cm 22in 16""in 40.cm",40 cm
76441,76510,https://m.media-amazon.com/images/I/51z5uubBStL.jpg,810266,width,"14oz 2.5"" 7-3/4' 5 oz","2.5"""
76602,76671,https://m.media-amazon.com/images/I/51zIS9tMjzL.jpg,494658,width,Z 14,"14"""
76691,76760,https://m.media-amazon.com/images/I/51zOMWmAO9L.jpg,362879,width,PRODUCT DATA 70mm 38mm KEYCHAIN WEIGHT 25G KEYSHELL WEIGHT 40G,38mm
76904,76973,https://m.media-amazon.com/images/I/51zdWLPvsdL.jpg,442321,width,"23.6"" 47.2"" 27.5-29.5"" 17.7 29.5"" 42.5"" 23.6-25.5'",47.2 inches
77470,77539,https://m.media-amazon.com/images/I/61+8luPrR4L.jpg,675317,width,Width 0.4' 5 5 Handle Length Screw Hole 9 Spacing,"0.4"""
77708,77777,https://m.media-amazon.com/images/I/61+HZlg1QCL.jpg,192915,width,4.9' 4.9',4.9 inches
77976,78045,https://m.media-amazon.com/images/I/61+RFxWJm+L.jpg,695925,width,Juattro Juattro horbn horbny Bor diam,70 mm
78074,78143,https://m.media-amazon.com/images/I/61+Ul47Te6L.jpg,986932,width,VERSATILE FUNCTIONALITY 5-INCHSTRAIGHTEXTENSION AND 214-INCH45ELOBDWSALLOWFOR MULTIPLECONFIGURATIONSDESIGNEDTO ACCOMWODATEMOST VEHICLESONTHE MARKET FITSYOURVEHICLE PERFORM TESTS & F REFILL FLOIDS,5 inches
78081,78150,https://m.media-amazon.com/images/I/61+VE4t+PQL.jpg,437623,width,"LIltra-PRO 25 The Standard in Safe Storage PACK 4""x6"" Photo Pages Holds 1504x6Photos Fits 8/x113-Ring or Postbound Scrapbook Albums .Archival Safe Acid and PVC Free Ultra Clear",4 inches
78258,78327,https://m.media-amazon.com/images/I/61+czkKvUlL.jpg,529606,width,5.5 in 6PCS CANDLES SET 1.25 in,The width of the object in the image is 1.25 inches.
78479,78548,https://m.media-amazon.com/images/I/61+n32xqwqL.jpg,478357,width,20.13-inch 30-inch 50-inch,30-inch
78579,78648,https://m.media-amazon.com/images/I/61+qs4Y2edL.jpg,776220,width,6.5 FEATURES Powered Coated to Prevent Rust 11 Hanging Loop for Easy Storage.,"6.5"""
78630,78699,https://m.media-amazon.com/images/I/61+t+ih4N8L.jpg,483370,width,"Product Size Figure Height : about 3.9"" Iphone X Height : about 5.5"" 10:24 Tuesday,September'13 5.5""","The width of the object in the image is not directly provided. However, since the height of the figure is given as approximately 3.9 inches and the iPhone X's height is about 5.5 inches, one could infer that the figure's width might be less than its height if it follows a typical proportions for such collectible figures. Without additional measurements or information on the aspect ratio, an exact width cannot be determined from this image alone."
78765,78834,https://m.media-amazon.com/images/I/61+yPjMC-ML.jpg,705487,width,Size 8'x10' Color Clear Water Resistance Level Waterproof,8 inches
78888,78957,https://m.media-amazon.com/images/I/61-2ESqxDGL.jpg,130202,width,iY-IX 10 in NO SMOKING VAPING THANK YOU iSYIX.OMPat#ALNOSMK7X10 7 in,7 in
78895,78964,https://m.media-amazon.com/images/I/61-2kRO94pL.jpg,433914,width,"MEASUBEYOUR DOOR FIRST! 95"" 34"" SCREEN SIZE: 36 x96' DO0R SIZE: 34""x95' FITDOOR SIZE34""x95""OR LESS",34â
78952,79021,https://m.media-amazon.com/images/I/61-58X1t+jL.jpg,931856,width,13.8 Inch 8 Bundles,"The width of the object in the image is 13.8 inches, as indicated by the label next to the main cluster of black objects."
79001,79070,https://m.media-amazon.com/images/I/61-70-tKYsL.jpg,205842,width,"Total length:41"" Knife handle:10.5"". Scabbard:30.5"" Blade:30"" Blade thickness:0.28' 5 5 10. Blade width:1.38' 53 30.5 55 30 Knife handle:ABS Scabbard:AbS Blade:Bamboo",1.38 inches
79264,79333,https://m.media-amazon.com/images/I/61-HYj8fdOL.jpg,106003,width,"Hello Kitty 4.3 in 3.5 in Product Size: Length9cm,width11 size,thickness3cm weight 0.12 ib Open method: zipper Fabric: PU internal: 4 card slots,zipped coin pocket,2 bill slots Note: There are errors in manual measurement.pleaserefer to the actual size",11 cm
79357,79426,https://m.media-amazon.com/images/I/61-L05gij0L.jpg,464488,width,3 ) 2 ),"2"""
79365,79434,https://m.media-amazon.com/images/I/61-LAbrXWTL.jpg,488883,width,"10.83"" 7.28"" 11.42 4.33","7.28"""
79506,79575,https://m.media-amazon.com/images/I/61-P9iIi-pL.jpg,944936,width,100% con PCW recycled paper Proudly made in the USA Wations! Sustainably printed on 11/ extra-thick Syouz card stock DID IT!,"5"""
79702,79771,https://m.media-amazon.com/images/I/61-WMqnti0L.jpg,695925,width,23 CM Diameter UfiniteTM 9 Number,23 cm
79829,79898,https://m.media-amazon.com/images/I/61-bCXVKUjL.jpg,493268,width,"Threaded Arbor 5/8 Inch 11 threaded arbor for angle grinders. MAX RPM 12,500 Widely Used Theanglegrinder wire wheel will allow both light. dutyand heavy duty conditioning works on metals,. woodsor others,It is ideal for removing rust, paint,. corrosion, burrs easy to working on large and tight spaces",5/8 Inch
79837,79906,https://m.media-amazon.com/images/I/61-bhnr4LIL.jpg,931856,width,"Natural-Looking Flowers 9.5"" Hemp Rope HandIe","9.5"""
80296,80365,https://m.media-amazon.com/images/I/61-tOogxotL.jpg,142748,width,uy Umbrella Weight:450G Umbrella Dlameter:Big UPF Value:50+ Windproof:Strong 47.2 IN 31.9IN C,47.2 IN
80302,80371,https://m.media-amazon.com/images/I/61-tW5x4yRL.jpg,847223,width,3 Cups Capacity 9.8' 1.8 Made for Medium & Large Breeds,"9.8"""
80445,80514,https://m.media-amazon.com/images/I/61-zVxnTBWL.jpg,477578,width,0.27 0.078 1.77,"1.77"""
81313,81382,https://m.media-amazon.com/images/I/610TaocjwoL.jpg,529606,width,3.5 YDNE Pure CANDLECO Soy Clove Pomander Made in the USA 2.9' Soy wax lasts approximately 30%-50% 7.5 oz. longer than paraffin,"2.9"""
81374,81443,https://m.media-amazon.com/images/I/610VO+koOvL.jpg,931856,width,37.5 12 pcs,"The width of the object in the image is not directly measurable from the provided perspective. The dimensions given are for the height, which is 37.5 inches. To determine the width, one would need a view that shows the full diameter or breadth of the object. Since such information is not available in this particular shot, it cannot be accurately determined from the image alone."
81395,81464,https://m.media-amazon.com/images/I/610VuWwUVEL.jpg,142748,width,PERFECT SIZE 45 9 ribs WINDPROOF DOUBLE CANOPY,"45"""
81492,81561,https://m.media-amazon.com/images/I/610a820HdvL.jpg,529606,width,Smokeless Soy wax Burning time: 4x4Oz 4x22-26h 1.96 2.6,2.6 inches
81536,81605,https://m.media-amazon.com/images/I/610bsf7rIpS.jpg,529606,width,DINIL BURNING INSTRUCTIONS: CHIME /SPELL Before Lighting Cande lease Read Carfully. CANDLES Keep Out of Reach of Children. Never Leave a Burning Cande Unattended 100 PACK Always Usea Non Flamable Holder OrContainerto BLACK 4 INCH TALL protect Surroundin Surfaces. Never Move a Lighted Candle. Melted Wax is Hot. Trim Wick to 1/4 Before igting orRelighting. Keep Lit Candle Outof Drais. Burn time-2 hours Approx Burn Candle with Care at Your Own Risk. DINIL,10 inches
81599,81668,https://m.media-amazon.com/images/I/610dQlRzILS.jpg,366962,width,5,5 inches
81619,81688,https://m.media-amazon.com/images/I/610dtrF81jL.jpg,368364,width,3-5 Hours Fully Charged. Please pour solution into machine slowly 10.6 in Type-C Port/5V 2A 7.88 in,10.6 in
81641,81710,https://m.media-amazon.com/images/I/610efcVZ-yL.jpg,816782,width,Rug Form Type Area Rug Size 6' x 9' Material Polyester,6'
81930,81999,https://m.media-amazon.com/images/I/610ng-qD5QL.jpg,758128,width,Product Dimension LAL 9.3' 6.6' 10 8.2' 10',8.2'
81976,82045,https://m.media-amazon.com/images/I/610q0cwXuAL.jpg,412008,width,Zuvo 17 Inch BBQ grill provides ample cooking surface for any meal of your grilling Very suitable for barbecue outdoors.,17 inches
82132,82201,https://m.media-amazon.com/images/I/610vEnDD83L.jpg,119607,width,XS GROBE 20CM nedatiy 10 CM EXTRA DICKES STAHLBLECH - HOCHWERTIGE MOTIVPRAGUNG,20 cm
82434,82503,https://m.media-amazon.com/images/I/61143d3qotL.jpg,927393,width,"inch 65 0,35 inch inch",The width of the object in the image is 1.65 inches.
82581,82650,https://m.media-amazon.com/images/I/61196A1mdlL.jpg,737148,width,"Confirm The Model You Need Haprait REFRIGERATORWATER FILTER nent forWF3CB.Puresource erating specification 9"" 11"" 33-100F(0.6-37.5 empera ons (757litres 0.5 gpm (1.89 1pm 30-120psi(207-827 x x WF3CB OLTRAWF EPPWFUO1","9"""
83079,83148,https://m.media-amazon.com/images/I/611RS-dd3gL.jpg,496169,width,"40"" 48"" 54"" 24"" 60"" 24x401More suitable for dothes shorter than 39,Like suit vest and jacket XL [24""x48""]:More suitable for clothes between 39""and47"",Like down jacket XXL [24x54]More suitable for clothes between 47""and 53"",Like long dress XXXL [24""x60]:More suitable for dlothes between 53""and 59"",Like extra longer dress.","40"""
83129,83198,https://m.media-amazon.com/images/I/611TqBem7xL.jpg,507467,width,"HIGHSTRENGTH POLYMER MATERIAL Durable, light weight,scratch proof 1.1 in 1.2 in SOLOFISH 1.9 in RUNTIME LASER VISIBLE DISTANCE LIGHT BRIGHTNESS WEIGHT WATER-PROOF Light:75min 50m in daylight Light+laser:60min 1000m in the dark 600 lumens max 55g Ipx6",1.9 inches
83407,83476,https://m.media-amazon.com/images/I/611e6gSdLIL.jpg,433914,width,"YHDOOR 1, It is suitable for taller garage door, if your garage door height is more than 8'but below 12'This drum must be your choice 2, Maximum door height: 144' 3,Maximum door weight: 750lbs 4, Material: Aluminium Alloy","144"""
83437,83506,https://m.media-amazon.com/images/I/611fCfV5aQL.jpg,507467,width,Focus Adjustable LED Flashlight Net Weight150g Model of LED Beads:Cree XML-T6 14.5CM Wattage10 Watts 16.5CM AIRAA Zoom:Yes Focal Length:Adjustable Lighting Distance:150M-200M Materigl:Aluminium Alloy 5Modes:High/Middle/Low/Strobe/sos Power Source 3xAAA 0r 1x18650 Battery,"The width of the object in the image is 1.5 cm, as indicated by the measurement on the left side of the image where the flashlight's dimensions are shown."
83695,83764,https://m.media-amazon.com/images/I/611oSavE-6L.jpg,478357,width,19-Inch 28-Inch 50-Inch,50-Inch
83730,83799,https://m.media-amazon.com/images/I/611pPOZY0iL.jpg,558806,width,9.9CM HAPPY,9.9CM
84022,84091,https://m.media-amazon.com/images/I/612+PzDMuGL.jpg,860821,width,LIGHTWEIGHT& COMPACT Suitable for any indoor or outdoor events This fly fan is easy to carry and keeps your space bug-free. 9.8' AA AA 0.4LB Batteries arenot included,"3.3"""
84073,84142,https://m.media-amazon.com/images/I/612-wDEp64L.jpg,944936,width,"THANK YOU ! no^ XDw be proud of the work you do.. 8.6 "" The person you are, and the difference you make 1 6.1",6.1 inches
84204,84273,https://m.media-amazon.com/images/I/6125RMpVrEL.jpg,781426,width,".BloeSnail. Only for you OUR QUILTED PACK N' PLAY MATTRESS COVER ENABLES TO FIT A WIDE RANGE OF MATTRESS DEPTHS. PCK'N PLAY DREAM ON ME 3"" DREAM ON ME 5 MINI/PORTABLE FOLDING MATTRESSES PACK'NPLAYMATTRESSES PACK'NPLAY MATTRESSES MATTRESSES 25.5X37.5+2 25.5X37.5+3 25.5X37.5+5 24X38+3","37.5"""
84689,84758,https://m.media-amazon.com/images/I/612Oj4t4d2L.jpg,311997,width,2 SIZES ARE AVAILABLE Please ensure the size you want before adding to your cart,"7"""
84809,84878,https://m.media-amazon.com/images/I/612TbwLAWdL.jpg,745387,width," Product Size 15.7 "" 47.2' 44LBS 31.3 55LBS 18.7 5.8 12.3 20.8",The width of the object in the image is 20.8 inches.
84922,84991,https://m.media-amazon.com/images/I/612X3Du1YbS.jpg,752266,width,Bronze body D25.5*H19.6E14*6,"The width of the chandelier is given as D25.5"", which translates to 25.5 inches or approximately 64.7 centimeters."
84939,85008,https://m.media-amazon.com/images/I/612YPTSUgUL.jpg,757743,width,21 X 20 5_inch 19 18 6 Toddiy 5 WILL BEA 7_inch GoodDay 9 8 Being Happy 3 6 Never Goes 2 5 Outof Style 4 2 0cm1 Oin Oin 2 3 4 5 9 0cm1 2 3 4 5 6 7 8 9 10111213141516,5 inches
85053,85122,https://m.media-amazon.com/images/I/612cxzlzcdL.jpg,711228,width,"KOMPAKT & FUNKTIONAL LEICHT ZU BEFULLEN Zum Offnen & Befullen Verschlusskappe mit einfullen & wieder verschlieBen IDEAL ALS GESCHENK STUFENLOSES MAHLEN Optimale Mahlleistung mit einstell- barem Mahlgrad von fein bis grob KOMPAKTES DESIGN LARSNYSOM Hohe: 18,7 cm Durchmesser 5,0 cm Fullmenge: ca.150 g","The width of the object in the image is 5,0 cm."
85360,85429,https://m.media-amazon.com/images/I/612o9NKuyVL.jpg,793774,width,"24WAND&.5GPMFANTIP With a wide fan spray pattern, achieve even concrete finishes in no time at all WAND COMPATIBLE B Need to use a different attachment? Easily swap wandswith most major manufacturerattachments! HANDLEPRESS Great for one hand operation,use the comfortable handle press for automatic control of spray",24â
85374,85443,https://m.media-amazon.com/images/I/612oV66j0oL.jpg,311997,width,"47.2"" 11.8 19.7 WHITE/5-TIER 19.7X11.8X47.2'",19.7 inches
85535,85604,https://m.media-amazon.com/images/I/612vTLQ4RkL.jpg,347320,width,MATERIAL:1OO%POLYESTER WIDTH:ABOUT150CM WEIGHT:ABOUT420G/M COLOR:11 KINDS COMMODITYINFORMATION,150 cm
85886,85955,https://m.media-amazon.com/images/I/6136VEfS8bL.jpg,460806,width,HOPA,52 mm
86495,86566,https://m.media-amazon.com/images/I/613UnHhWHOL.jpg,483370,width,after assemble spring located aunch location. up/side down turning position 7CM stone 6CM 11CM catapult 4CM 3.5CM 9.5CM 7CM 12CM Siege Crossbow,The width of the object in the image is 12 centimeters.
86523,86594,https://m.media-amazon.com/images/I/613VlXhw+PL.jpg,573063,width,"1"" Round Ring. Holds up to175 sheets 1.4 175 1' - Sheets SPINE WIDTH","1.4"""
86551,86622,https://m.media-amazon.com/images/I/613Wrrf6JKL.jpg,142748,width,X*12* 1uen 118cm 12* 99.9%,118 cm
86725,86796,https://m.media-amazon.com/images/I/613cPPygwUL.jpg,676087,width,"TABLE RUNNER GUDE 72 13' 8 Inch Hanging. TABLE SHAPE TABLE RUNNER SIZE PERSONS SEATED FITS TABLE SIZE Table 72""Length 28x46-40x54 4-6 Runner 183cm 70x115cm-100x137cm Not all sizes offered are included in this diagram, this is for reference only",13 inches
87031,87102,https://m.media-amazon.com/images/I/613pmgtIOVL.jpg,944936,width,"CREDIT CARD SIZE WHENI SAY ILOVEYOU MORE IDON'TIMEAN ILOVEYOU MORE THANYOULOVE ME ***Fmean** I LOVE YOU MORE than the bad days ahead of us, 3.35 ILOVEYOU MORE than any fight we will ever have, ILOVE YOU MORE than the distance between us, ILOVE YOU MORE than any obstacle that could try and come between us. I LOVE YOU ALWAYS & FOREVER Haypy25thAnniverary 2.13""",2.13 inches
87087,87158,https://m.media-amazon.com/images/I/613rjlZ9CkL.jpg,245652,width,Product Size 10. 5CM 6.5CM 4 CM 2CM 10.5CM 0.8CM Spice box,The width of the object in the image is 10.5 centimeters.
87090,87161,https://m.media-amazon.com/images/I/613rklfkuLL.jpg,668667,width,15.74 In JSEVEM 118.11 In,15.74 inches
87119,87190,https://m.media-amazon.com/images/I/613sgg7mygL.jpg,178958,width,44.5 in,"The width of the object, which appears to be a hanging organizer with multiple pockets, is not explicitly provided in the image. To determine its exact width, one would need additional information or measurements that are not visible in this particular presentation."
87227,87298,https://m.media-amazon.com/images/I/613y6SL4Y6L.jpg,366962,width,P Paper Accents Cardstock Rainbow Pack 250 : Mellow Hues DP88.1122 www.pa-dist.com,8 inches
88123,88194,https://m.media-amazon.com/images/I/614QSBkx42L.jpg,483370,width,7.9 in I/ X -D D,7.9 inches
88216,88287,https://m.media-amazon.com/images/I/614TeTBcsCL.jpg,396159,width,WOOE WDOE,30cm
88402,88473,https://m.media-amazon.com/images/I/614Zj7Z-A+L.jpg,276611,width,PH! ViLLA 5 23',The width of the object in the image is 23 inches.
88463,88534,https://m.media-amazon.com/images/I/614cnQ0JZ2L.jpg,242256,width,3'X5 OUGHTEX1000 4 Rows sewing on fly side &real brass grommets UV block protected Anti rain and acid protection Excellent wind resistance 100D Premium oxford polyester flag fabric,3 feet 5 inches
88514,88585,https://m.media-amazon.com/images/I/614ekaBTWCL.jpg,483370,width,product Dimensions 14.17 IN(36 CM),"The width of the object, as indicated in the image, is 14.17 inches or approximately 36 centimeters."
88582,88653,https://m.media-amazon.com/images/I/614gtKOpoOL.jpg,781426,width,width 24' length 38,"24"""
88785,88857,https://m.media-amazon.com/images/I/614p8eaLsxL.jpg,574059,width,"JAM R PAPER&ENVELOPE POPFolders Folders thatPoP! 9.5x11.5Plastic2Pockets Business Card Slits6 Per Pack Business Colors GREY WHITE BLACK MADE IN CHINA 2 of Each Color Per Pack 842497171234 Distributed by JAM Paper 185 Legrand Ave.Northvale, NJ 07647, www.jampaper.com",9.5 inches
88848,88920,https://m.media-amazon.com/images/I/614r3-XPhkL.jpg,452717,width,Dimensions 11.04 1 2 99,12 inches
89026,89098,https://m.media-amazon.com/images/I/614xxoMBikL.jpg,810266,width,330 ML 8.5CM Fiat 6 ITALY STABILE KERAMIK-ANGENEHM ABGERUNDETE FORM,"8,5 CM"
89071,89143,https://m.media-amazon.com/images/I/614zVEnI-wL.jpg,204245,width,SEATS UP TO 2 Enjoy your leisure time with your families Sitting | Reading | Relaxing. 33.5 660 LBS HOLDSUPTO660LBS 17' 18.3 47.3',"47.3"""
89173,89245,https://m.media-amazon.com/images/I/6151bPlj+CL.jpg,249345,width,#1$ FoodSaver Jy-Jl28cm 35--2 #ty,"The width of the object in the image, as indicated by the text ""ããã¯ã­ã¼ã«28cm"" which translates to ""pack roll 28 cm,"" is 28 centimeters."
89179,89251,https://m.media-amazon.com/images/I/6151mSm3CML.jpg,433914,width,Venice New 14 G e 9.8[250 6'-2.81900] 5-2.8[1594] [49] 3C 1'-6.1 8'-2.4[2500] 9.8[250] C 5.1130] 2[50] 8.5 [215] 3'-1.2[945] 6'-7.9[2030] 14'-0.1[4271] SPECIFICATION: HORIZONTAL FRAME:40*20*1.5mm RHS 250*2mm steel VERTICAL FRAME:40*40*2mm SHS VERTICAL PICKETS:2020*1.2mm SHS 15*15*1.2mmSHS DECORATION:16*4mm F1at bar 12*6mm Flat bar POSTS=3.5*3.5SQ.STEELTUBE SPEAR HEAD,"14' - 0.1"" [4271]"
89313,89385,https://m.media-amazon.com/images/I/6156uid3DnL.jpg,952353,width,15.6 Image Flip 1080P Touchscreen Matte Surface WIMAXIT,"15.6"""
89551,89625,https://m.media-amazon.com/images/I/615G7nqKoiL.jpg,483370,width,PUNI PxPxP t-7 55054297 P+ http F1NF /dfdxdxd// PiPiP 3 VSIC EAL DILDO 582616135964 01-0129,20 cm
89718,89792,https://m.media-amazon.com/images/I/615KKvEexGL.jpg,311997,width,"TALLBOOKSHELF 65"" high bookcase provides all the vertical storage you need FURNITURE DESIGN","The width of the object in the image is not explicitly stated. However, based on common dimensions for bookshelves and the proportion of the shelves to the visible part of the floor, a typical height might be around 65 inches as mentioned in the overlay text. To determine the exact width, one would need additional information or measurements that are not provided in this image."
89931,90005,https://m.media-amazon.com/images/I/615Sb+C1RdL.jpg,639508,width,Daiya Joy Life Design -ln +ALS- 56 -56 #+=-54 24 +- Bittt cm,24 cm
89974,90048,https://m.media-amazon.com/images/I/615UbTkb4mL.jpg,452717,width,Perfect size to hang clothes 9 16 1,9 inches
90244,90318,https://m.media-amazon.com/images/I/615f-VQt9yL.jpg,865691,width,7 IN 11 IN FOR NARROW SEATS 2.5IN NOT FOR WIDE SEATS,2.5 IN
90425,90499,https://m.media-amazon.com/images/I/615mNkXXdhL.jpg,648011,width,"Product Size 6.3"" Base: E27","1.7"""
90464,90538,https://m.media-amazon.com/images/I/615ntN39JLL.jpg,757743,width,FIELD BOOK ELAN PUBLISHING SET OF FIVE Dotted Paper 48-PAGE MEMO BOOKS 3-1/2x5-1/2Durable MaterialsPocket Size ELAN-FN-002F,"5-1/2"""
90713,90787,https://m.media-amazon.com/images/I/615xZIQiPRL.jpg,801829,width,Tall Backrest Extra tall backrest for increased comfort Ours Others 5 5,"25.2"""
90726,90800,https://m.media-amazon.com/images/I/615y3WWe8+L.jpg,192915,width,DIMENSIONS Rio Salto 2.76 in GENUINE QUALITY GUARANTEED 100% Genuine 4.5 in Brushed Brass,4.5 in
90957,91031,https://m.media-amazon.com/images/I/6164suVLghL.jpg,668667,width,Light Purple 27.6HX30.3W,30.3 inches
90987,91061,https://m.media-amazon.com/images/I/6165yUmr7WL.jpg,713408,width,DICCOLO - LEGGERO 9mm 34mm 34mm Leggero: 11g,34mm
91165,91239,https://m.media-amazon.com/images/I/616D9oPRwDS.jpg,781426,width,"width 28' length 52""",28 inches
91166,91240,https://m.media-amazon.com/images/I/616DAgf+bpL.jpg,416664,width,Das aufgerustete groBe Solarpanel 4*4CM Unser Neuester Entwurf Andere Verkaufer Blitzzeit:8~12 Stunden Blitzzeit<8 Stunden Schnelle Vollladung:4~6 Stunden Schnelle Vollladung> 8 Stunden Sonnenkollektor:3.7V 1400MA Sonnenkollektor:2V60MA Beleuchtungs-Modus:8 Modi Beleuchtungs-Modus:Nein Helligkeit: Einstellbar Das originellste Design X,4*4CM
91665,91739,https://m.media-amazon.com/images/I/616U+Iedh6L.jpg,483370,width,SIZE SIZE 15.5CM 18CM 19CM 17CM,19CM
91697,91771,https://m.media-amazon.com/images/I/616V654DzWL.jpg,483370,width,X 30CM/11.81IN,"The width of the object in the image is 30 centimeters or approximately 11.81 inches, as indicated by the measurement provided on the right side of the image."
91823,91897,https://m.media-amazon.com/images/I/616aHvTO-rL.jpg,801829,width,BEACH CHAIR 5t11in HEIGHT 31 in SEAT BASE 7 in WIDTH 23 in,23 in
92038,92112,https://m.media-amazon.com/images/I/616iLL0LLPL.jpg,810266,width,"THE P ERFEC r SIZE 235 ml 900 ml 920 ml 8oz 30 oz 32 oz H:2.7INCH-7CM H6.38INCH-16,2CM H11INCH-28CM B:3INCH-8CM B:3.58INCH-91CM B:3INCH-8CM",8 cm
92150,92224,https://m.media-amazon.com/images/I/616mIXcVNnL.jpg,550840,width,"Real color super large. color screen, fantastic colorful. dynamic interface 1.54-inch,240*240 resolution,2.5DRadian HD IPS display color screen 60 11 A ( V 969 07 221 Coll logs",1.54 inches
92415,92489,https://m.media-amazon.com/images/I/616wR1rTxzL.jpg,237000,width,MEASURE GUIDE 22.8 8.6 6.3 10 PCS,"22.8"""
92629,92703,https://m.media-amazon.com/images/I/61739t98pRL.jpg,149708,width,"What's Special About Our Wind Spinner 14 in - Transparent Plastic Powder Can Prevent Rust, Waterproof,UV,And Fade. High-quality bearings can work flexibly even at low wind speeds 75.5 in Each Piece Of Iron Block Has Many Welding Points, Which Makes The Windmill More Solid And Stable The Joints Of the Iron Brackets Are Solid, Not Easy To Bend When Encountering Strong Winds",14 inches
92647,92721,https://m.media-amazon.com/images/I/6173dTL55dL.jpg,929999,width,RACKET DATAINFORMATION 7.8in thickness0.43in 15.9in Tiapad 4.9in 4.3in RACKETLENGTH 15.9in RACKETLENGTH 7.8in GRIP LENGTH 4.9in HANDLE CIRCUMFERENCE 4.3in THICKNESS 0.43in,7.8in
92970,93044,https://m.media-amazon.com/images/I/617FTOPz2SL.jpg,746096,width,ENERG SAMSUNG GQ50Q60AAU A B D G G 67 kWh/1000h ABCDEFG HDR 100 kWh/1000h 3840 px 2160 2019/2013,2160 px
93053,93127,https://m.media-amazon.com/images/I/617IkWjDRxL.jpg,442321,width,"Size:inch 38.5"" 23.6 0-75 15.3 11.8 25.2-35.8",38.5 inches
93215,93289,https://m.media-amazon.com/images/I/617P0kAf4JL.jpg,675317,width,"Measurements 2.212"" 2.638 Installation Kit.",2.212 inches
93296,93370,https://m.media-amazon.com/images/I/617Rhl2sc8L.jpg,711228,width,"KOMPAKT & FUNKTIONAL LEICHT ZU BEFULLEN Zum Offnen & Befullen Verschlusskappe mit einfullen & wieder verschlieBen IDEAL ALS GESCHENK STUFENLOSES MAHLEN Optimale Mahlleistung mit einstell- barem Mahlgrad von fein bis grob KOMPAKTES DESIGN LARS NYSOM Hohe: 18,7 cm Durchmesser 5,0 cm Fullmenge: ca.150 g","The width of the object in the image is 5,0 cm."
94210,94284,https://m.media-amazon.com/images/I/618+dz7gvgL.jpg,142748,width,38 INCH GIORDANO ESTD-1981 1 INCH Fiberglass Middle Ribs. Fibreglass Shaft One Piece Umbrella Bead,38 INCH
94293,94367,https://m.media-amazon.com/images/I/6183ZWskXUL.jpg,478357,width,54-INCH 31-INCH 30-INCH,54-INCH
94377,94451,https://m.media-amazon.com/images/I/6186R8wCPzL.jpg,292475,width,Large Capacity 5.7 3.1 WOOUCH STUDIO,"5.7"""
94611,94685,https://m.media-amazon.com/images/I/618EYxldHlS.jpg,478357,width,29 29 1.6 59.25 23.23 W 29 35.5 SIZE: INCHES,The width of the object in the image is 29 inches.
94641,94715,https://m.media-amazon.com/images/I/618FnVbsScL.jpg,656960,width,3 4.7 in (12 cm) 10.2 in (26 cm) 350x,4.7 in
94670,94744,https://m.media-amazon.com/images/I/618GdqptZ+L.jpg,483370,width,PRODUCTDETALLS NAME: gaby doll. MATERIAL: plush 30cm FILLER: PP cotton WEIGHT: 124g,"The width of the object, which is a plush toy cat named ""gaby doll,"" is 30 centimeters. This measurement indicates that the plush toy has an approximate span from one side to the other when viewed in its entirety."
94723,94797,https://m.media-amazon.com/images/I/618IdmFXwBL.jpg,141308,width,Size Reference This Frame Bag Fits most Mountain and Road Bikes CYCLI 5.9,"11.8"""
95019,95093,https://m.media-amazon.com/images/I/618TWGA5ptL.jpg,952353,width,ENERG7 PHILIPS 24E1N5300AE A B C D E F F G 22 kWh/1000h 1920 px 1080 px  cm 61 2019/2013,1080 px
95265,95339,https://m.media-amazon.com/images/I/618dC2YCc8L.jpg,589105,width,"t CARRIER BAGS These vest plastic carrier bags are waterproof, which helps to protect the items inside from getting wet 21'","21"""
95581,95655,https://m.media-amazon.com/images/I/618osH6O29L.jpg,988675,width,Product size and weight Largest diameter 1in Minimum diameter 0.8in 2.36in iPhone 6 Free Mockup WEIGHT 0.35LB ~,The width of the object in the image is 1 inch.
95964,96038,https://m.media-amazon.com/images/I/6190efurQ7L.jpg,156839,width,For 0.86inch Roman Rod,0.86 inch
95990,96064,https://m.media-amazon.com/images/I/6191WCrHUiL.jpg,483370,width,8.5 Trunkin Trunkin Cms nkin OTrunkin Trunkin,8.5 cm
96621,96695,https://m.media-amazon.com/images/I/619PXVHtmfL.jpg,929999,width,"7.5"" Pickleball Paddle STANDARDSIZE Weight 10.45"" 9.8 oz Thickness 0.4 IN Parcocan 1.4"" 4.92"" Parcocan","7.5"""
96689,96763,https://m.media-amazon.com/images/I/619SST7yIEL.jpg,208023,width,WATERFORD FINE SILVER GIFTS Fits Photo Size 5X 7 TARNISH FREE,2.5 inches
97075,97149,https://m.media-amazon.com/images/I/619hnR1IW5L.jpg,844474,width,HANDMADE 7.0in BAGS 4.5in Note: Manual measurement allows a little error.,4.5in
97721,97795,https://m.media-amazon.com/images/I/61A5mIJ4NAL.jpg,931247,width,PREMIUMQUALITY EASYCLEAN UPCOMPACT DESIGNWASTEFREE 54'X300 CUT-TO-SIZE PLASTICTABLECLOTH BUILT IN SLIDE CUTTER INCLUDED,"54"""
97849,97923,https://m.media-amazon.com/images/I/61AACZXhp-L.jpg,944936,width,Thank GyQw Meet USPS Envelope Size Requirements Can be Mailed Directly 3.8 5.5,"5.5"""
97993,98067,https://m.media-amazon.com/images/I/61AF-2Ua4aL.jpg,119607,width,14.2 11.6' Power Adapter Screws Instruction Hanging Chain,"14.2"""
98190,98264,https://m.media-amazon.com/images/I/61AMKgP7+lL.jpg,295706,width,2 2 ) JS hin,The width of the object in the image is 3 inches.
98304,98378,https://m.media-amazon.com/images/I/61AQUNUcizL.jpg,119607,width,20 CM M GROBE 30 CM OI93MA PLAY EXTRA DICKES STAHLBLECH - HOCHWERTIGE MOTIVPRAGUNG,20 cm
98319,98393,https://m.media-amazon.com/images/I/61AQxXcAmoL.jpg,488883,width,"Unstuff pouf filling way, After fill in size 1:Open zipper pull on bottom, and fill in soft material as mentioned 24.2dia. 13.76 Big Joe Usedclothes Old towels and blankets Usedcushion Stuffedanimaltoy Usedquilt Bubblepack Polyfill",The width of the object in the image is 24.2 inches.
98495,98569,https://m.media-amazon.com/images/I/61AXzD9edaL.jpg,529606,width,"1.5"" Durchmesser1.5"" 40pack Kerze lasst sich leicht Menge 50 zahlen aus der Dose entfernen 4 Stunden Brenndauer Fur Zuhause, Partys Brennt schon Hochzeit und mehr und sicher","1.5"""
98689,98763,https://m.media-amazon.com/images/I/61AgADWL7TL.jpg,130202,width,"GRaPHICS SLAP-STICKZ' &MORE file cabinets and morel Laminated and printed with water and Great for indoor or outdoor use.Stick to carsboats,walls UVresistant inks. PEEL HERE 6' 433",The width of the object in the image is 6 inches.
98904,98978,https://m.media-amazon.com/images/I/61Ao5QLN0EL.jpg,810266,width,"2,625' normgl capacity 11oz 3,5' maximym capacity 13oz","2,625''"
99034,99108,https://m.media-amazon.com/images/I/61AsmF4A0pL.jpg,237000,width,PRODUCT SIZE 10,5 inches
99167,99241,https://m.media-amazon.com/images/I/61AxyU45+eL.jpg,202651,width,"PRODUCT SIZE 2 3.4""",The width of the object in the image is 5 inches.
99239,99313,https://m.media-amazon.com/images/I/61B-S4e2T6L.jpg,810266,width,"330 ML 8,5CM Vpa 6 GARAGE STABILE KERAMIK-ANGENEHM ABGERUNDETE FORM",8.5 cm
99410,99484,https://m.media-amazon.com/images/I/61B58e+nubL.jpg,311997,width,tile redi redi. NICHE MODEL: RND1614S-14 16,"16"""
99983,100057,https://m.media-amazon.com/images/I/61BSngz41NL.jpg,611510,width,WEIGHT (KG) 300KG 38CM 83CM 38CM,The width of the object in the image is 83cm.
100169,100243,https://m.media-amazon.com/images/I/61BaJCry0IL.jpg,311997,width,Collapses for Easy Take,"11.5"""
100339,100413,https://m.media-amazon.com/images/I/61Bfqb1FsFL.jpg,347320,width,"2 x 12-inch 14CT (white) 2 x 12 by 18-inch 14CT (white) 2 X 12-inch 11CT (black, white) 2 X 12 by 18-inch 11CT (black,white)",18 inches
100631,100705,https://m.media-amazon.com/images/I/61BpaZYcIKL.jpg,276688,width,120 Adjustable On-Off Switch Lamp Holder 78in Quick Adjust 3-Leg Clasp Lock Steady System,78 inches
100975,101050,https://m.media-amazon.com/images/I/61C0CS8IAiL.jpg,745387,width,46,"31Â½"""
101090,101165,https://m.media-amazon.com/images/I/61C3y9P-QML.jpg,711228,width,"KOMPAKT & FUNKTIONAL LEICHT ZU BEFULLEN Zum Offnen & Befullen Verschlusskappe mit einfullen & wieder verschlieBen IDEAL ALS GESCHENK STUFENLOSES MAHLEN Optimale Mahlleistung mit einstell- barem Mahlgrad von fein bis grob KOMPAKTES DESIGN LARSNYSOM Hohe: 18,7 cm Durchmesser 5,0 cm Fullmenge: ca.150 g","The width of the object in the image is 5,0 cm."
101140,101215,https://m.media-amazon.com/images/I/61C5j9DkzrL.jpg,881883,width,7' 10 10' Fit In 10 X 10 Gazebo X1 10'X7'X1P,10'
101407,101482,https://m.media-amazon.com/images/I/61CEt0MzIhL.jpg,661582,width,"11O0+ PAPER CAPACITY DUTSTOM OFFCE WERKS ""9 NONK ANGLEDRING FREE 3 RINGBINDER CUUSTONIEE BLACKCLEAR VIEWPOCKETS YOURCOVER HOLDS WERRE","6"""
101419,101494,https://m.media-amazon.com/images/I/61CFbXXokXL.jpg,276611,width,10.CM 10.CM 20.CM 60.CM 20.CM 10.CM 80.CM,80 cm
101673,101748,https://m.media-amazon.com/images/I/61CQ79wjBaL.jpg,866516,width,"4.9"" HRISIMAS A STORY","4.9"""
101679,101754,https://m.media-amazon.com/images/I/61CQ9xf56dL.jpg,801829,width,Anti-rolloyer handrail 180flat lay Widening 66CM,66CM
101680,101755,https://m.media-amazon.com/images/I/61CQDm+YDiL.jpg,208023,width,"63/10"" DISPLAY SIZE 31/2X51/2 83/10 6 Edge Width 12/5 [x] Front protection in real glass x Easy to set up Frames arrive with fully assembled makes picture clear to display and ready to hang","4"""
101899,101974,https://m.media-amazon.com/images/I/61CWvf15VAL.jpg,611510,width,Stool diameter:12.99 in Chassis diameter:12.20 in,"The width of the object, as indicated in the image, is 12.99 inches."
101937,102012,https://m.media-amazon.com/images/I/61CXs4vHAXL.jpg,483370,width,6.5 6.sTall,"The width of the object, which is the Godzilla figurine, can be determined by measuring the distance from one side to the other across its body. However, since the image does not provide a clear view of the figurine's full width and the measurement scale is only visible along the height, it is not possible to accurately determine the width without additional information or a different angle showing the entire figure."
102530,102605,https://m.media-amazon.com/images/I/61Cv5BKkFbL.jpg,446789,width,"43.5 39 9.5 79"" Perfect for Small Spaces 43.5n (W) x 80in (D) x 39in (H) Weight Limit: 250 Ibs",43.5 inches
102555,102630,https://m.media-amazon.com/images/I/61CwC76A3gL.jpg,261553,width,Candle Rings Hydrangea,4 inches
102815,102890,https://m.media-amazon.com/images/I/61D5GNcKDvL.jpg,276688,width,DIMENSIONES DEL PRODUCTO El reflector y el soporte de luz se pueden plegar en un tamano Abrazadera para reflector V con soporte de montaje 43 in [110cm ] >>) 21 pulgadas [53cm ] 43 pulgadas [110cm ] 16.5 in NEEWER [ 42cm ],"The width of the object, which is a round reflector with a diameter of 43 inches (110 cm), can be determined by measuring the widest part of the circular shape. Since it's a flat circle, the diameter across any point on the circumference will give us the same measurement as the width. Therefore, the width of the reflector is 43 inches or 110 cm."
102874,102949,https://m.media-amazon.com/images/I/61D7DEFxKfL.jpg,483370,width,24 in,"The width of the teddy bear in the image is 24 inches, as indicated by the measurement line running vertically through the center of the bear."
102926,103001,https://m.media-amazon.com/images/I/61D9+HoBliS.jpg,529606,width,R 5.5 in 6 PCS CANDLES SET 1.25 in,The width of the object in the image is 1.25 inches.
103031,103106,https://m.media-amazon.com/images/I/61DCky7XV7L.jpg,478357,width,16.5-Inch 35-Inch 35-Inch,35-Inch
103266,103341,https://m.media-amazon.com/images/I/61DKkEAFPsL.jpg,387046,width,"Cover size 48.4Lx 30.3Wx 32.3H inch for 48 inch crate Perfect fit for most dog crates in below size. Provides a peace & comfort place for your pet. 32.3""H 48.4""L 30.3""W",30.3 inches
103329,103404,https://m.media-amazon.com/images/I/61DN7F01ckL.jpg,521308,width,36.02-Inch 31.3-Inch 68.31-Inch,68.31-Inch
103366,103441,https://m.media-amazon.com/images/I/61DOvfOYncL.jpg,416664,width,120 LED 30 FILL D] RAME ORVOTT 25 CM 90 CM 200 CM 200 CM 200 CM 200 CM,The width of the object in the image is 90 cm.
103421,103496,https://m.media-amazon.com/images/I/61DR8p9LgtL.jpg,886344,width,40.83 VIJay 13.9' 14.49',The width of the object in the image is 40.83 inches.
103474,103549,https://m.media-amazon.com/images/I/61DT8A5yZ6L.jpg,668667,width,"BZHXBZ BZHXBZ BZHXBZ 1 2 BZH> Tape measure Foam paint roller Scraper BZHXBZ BZHXBz Heavy Duty Craft knife Brush BZHXBZ Wallcovering Adhesive BZHXBZ Have the tools you need ready Check walls : remove small particles protruding from walls BZHXBZ Clean the floor :. open the fresco to avoid soiling. 3 BZH 4 BZHXBZ BZHXBZ 22.83 >22.83 BZ HXBZ BZHXBZ BZ 22.83 BZHXBZ Open the mural: (heavy duty wallpaper adhesive) find NO:1,measureThe width of the Apply to the wall with a roller brush. wallpaper.And make vertical marks over an area greater than 22.83' on the wall.. ZHXBZ BZHXBZ",22.83 inches
103840,103915,https://m.media-amazon.com/images/I/61DhDfZUqjL.jpg,366962,width,7' 5,"5"""
104131,104206,https://m.media-amazon.com/images/I/61DtZWTvYqL.jpg,436746,width,1' 1/4-27,"The width of the object in the image is 1/4 inch, as indicated by the measurement labeled ""1/4-27"" on the bottom view."
104174,104249,https://m.media-amazon.com/images/I/61DuW3RrYBL.jpg,783898,width,figure templates DY wedding dress sketchbook 200 pages.Front &Back figures.8.5x11A4) book size,8.5 inches
104480,104556,https://m.media-amazon.com/images/I/61E3KvxFWnL.jpg,130591,width,Extra-strong Support Up to 330 Lbs Keep your whole body supported well & Avoids mattress slumping 5' HOTOZON Dense circular coils not only provides full body support but also increases stability & avoids air leaking extremely,"39""W"
104502,104578,https://m.media-amazon.com/images/I/61E4H4f0hJL.jpg,478357,width,"Height:30 Width:24.75 Depth:16.25 Weight:65lbs 24.75"" 30"" 16.25'  Copyright Ashley Furniture Industries",24.75 inches
104654,104730,https://m.media-amazon.com/images/I/61E9Zm4BiJL.jpg,483370,width,Perfect Size For Cuddles 11.75 1n 4.5j Ir,4.5 inches
104709,104785,https://m.media-amazon.com/images/I/61EBXhKavML.jpg,442321,width,"23.6"" 47.2"" 27.5-29.5"" 17. 29.5' 42.5"" 23.6-25.5'",The width of the object in the image is 47.2 inches.
104771,104847,https://m.media-amazon.com/images/I/61EDw9t8A5L.jpg,119607,width,SIGNS 6'x18'Premium Matte Pictured,6 inches
104935,105011,https://m.media-amazon.com/images/I/61EKdoSC8mL.jpg,483370,width,HHH,4 inches
105258,105334,https://m.media-amazon.com/images/I/61EXhd0p4iL.jpg,483370,width,Dispiay Size 10 Super soft high-quality plush,8 inches
105287,105363,https://m.media-amazon.com/images/I/61EYS-fCxSL.jpg,449805,width,180cm Area: 20sq.ft Weight: 120g 91cm Thickness: 210cm 26 microns SOMINE PERFECT FOR $ Hiking Sports Traveling First aid kit Campingd,The width of the object in the image is 180cm.
105547,105623,https://m.media-amazon.com/images/I/61Ei81U-SPL.jpg,810266,width,"sm 8"" 7 "" 6"" 5"" 4"" 3"" 2"" s|m 12OZ 16OZ 20OZ 24OZ MOUTH: 3.1in MOUTH: 3.1in MOUTH: 3.1in MOUTH: 3.1in BASE: Tin BASE: 2.5in BASE: 2.5in BASE: 2.5in HEIGHT: 4.9in HEIGHT: 6.1in HEIGHT: 7.1in HEIGHT: 8.1in WEIGHT: 6oZ WEIGHT: 7.1oz WEIGHT: 1Ooz WEIGhT: 12oz",3.1in
105647,105723,https://m.media-amazon.com/images/I/61ElExDahVL.jpg,483370,width,C its cute 15i nch oits cute,"The width of the object, which is the plush toy in the image, is indicated as 15 inches. This measurement suggests that the toy is quite sizable and likely intended for children or collectors who appreciate larger stuffed animals. The width includes the full body of the bunny from one side to the other, providing a clear representation of its size relative to the packaging it comes in."
106236,106312,https://m.media-amazon.com/images/I/61F3sPvApPL.jpg,886344,width,I I Winch plate 4.49' 10',"The width of the object, as indicated in the inset diagram, is 10 inches."
106288,106364,https://m.media-amazon.com/images/I/61F5GwLlenL.jpg,470067,width,"Spout Reach 9.00"" Height 17.25"" Voice Control Maximum Deck Thickness - 2.50"" Connection Size - 3/8"" 1 Hole Installation","The width of the object in the image is not directly measurable from the provided information. The dimensions given are for height, spout reach, and connection size, but these measurements do not include the width of the faucet itself. To determine the width, one would need additional perspective or a view that shows the full side profile of the faucet, which is not available in this image."
106450,106526,https://m.media-amazon.com/images/I/61FChSJoudL.jpg,521308,width,38-inch 83-inch 37-inch,The width of the object in the image is 83 inches.
106582,106658,https://m.media-amazon.com/images/I/61FHJciJ2FL.jpg,667819,width,A3-16 A032 A-126A0X Onee AA-126A05 AAB-126 08 AAB-126A05X4 AAB-125A07X1 AAB-126 A09X Card positoon AAB-126 A02X2 AOS Po AAB-126A04X1 A sde small bankot,305 mm
106910,106986,https://m.media-amazon.com/images/I/61FTjiJAP6L.jpg,208023,width,Photo Frame,5 inches
106927,107003,https://m.media-amazon.com/images/I/61FUacvYsML.jpg,297246,width,"Ultra-thin Body Wide Compatibility this UsB hub no need driver and compatible with Windows, MAC OS LINUx, IOs, plug and play,and ultra-thin body easy to carry on. Mac Windows Linux 10MM HUB iPhone",10MM
107187,107263,https://m.media-amazon.com/images/I/61Fd0RFvGzL.jpg,866516,width,15' 5.+,"7"""
107353,107429,https://m.media-amazon.com/images/I/61FjSFxnecL.jpg,752266,width,Why Choose Us? our other 29.5 in Bigger Flower Petal High-quality materials our other Higher power generation efficiency Our Other Largest Solar Capacity,29.5 in
107393,107469,https://m.media-amazon.com/images/I/61Flx3fyhyL.jpg,436746,width,KastLite CLEAR ACRYLIC LAMP  POST  GLOBE 5.25' 12' Diameter UV-RESISTANT Prevents from yellowing,"5.25"""
107403,107479,https://m.media-amazon.com/images/I/61FmVQKCBBL.jpg,721542,width,Three-Zipper Door Three usage ways & Higher usage height. Half rolled up. 8.2' All rolled up 3 All close 6 Other: Single use & Limited height,8.2'
107471,107547,https://m.media-amazon.com/images/I/61FqUFcxBRL.jpg,784538,width,OKAY It's to not know 11-INCH But It's NOT OKAY TRY! tonot 8.5-INCH,8.5 INCH
107550,107626,https://m.media-amazon.com/images/I/61FtD-0ONPL.jpg,711228,width,2 11.6 C M HEIGHT INCL.CRUMB PROTECTION 4.3CM DIAMETER HIGH QUALITY MATERIALS MAKE FOR LONGEVITY,"The width of the object in the image is 4.3 cm, as indicated by the measurement labeled ""4.3 CM DIAMETER."""
107670,107746,https://m.media-amazon.com/images/I/61Fy4WFW9-L.jpg,142748,width,"Product size 12.5""","46"""
107676,107752,https://m.media-amazon.com/images/I/61FyU9NSBZL.jpg,894599,width,Magnetic Design Easy to Disassemble 5.1in Type-C,5.1 inches
107850,107926,https://m.media-amazon.com/images/I/61G3E5HqJ+L.jpg,944936,width,"PRODUCT SIZE great shall be the peace of thy children Baby Dedication This certifies that was dedicated to God 8.5' at. day of on the in the year of our Lord by Signature All thy children shall be taught of the Lord,and great shall be the peace of thy children ISAIAH54:13 11' 25PCS BabyDedice This certifies tho","8.5"""
108050,108128,https://m.media-amazon.com/images/I/61GAQEo0QgL.jpg,966161,width,"2.4 INCH Perfect 2.4"" Big Death Star Large ice ball melt slowly, keep drinks cool for a long time",2.4 INCH
